GSenergy_pa_max_value,GSenergy_pa_min_value,MeltingT_max_value,HeatFusion_min_value,n_ws^third_arithmetic_average,ElasticModulus_arithmetic_average,BCCenergy_pa_max_value,HeatVaporization_max_value,ElasticModulus_composition_average,n_ws^third_max_value,n_ws^third_composition_average,BCCenergy_pa_min_value,MeltingT_composition_average,HHIr_min_value,ElasticModulus_max_value,MeltingT_arithmetic_average,ShearModulus_max_value,BulkModulus_max_value,BoilingT_max_value,HeatFusion_max_value,MeltingT_difference,GSenergy_pa_arithmetic_average,HeatCapacityMolar_min_value,Electronegativity_max_value,phi_max_value
-2.76539356,-2.76539356,1234.93,11.3,1.36,80.0,-2.71997917,250.63,80.0,1.36,1.36,-2.71997917,1234.93,1400.0,80.0,1234.93,30.0,100.0,2435.0,11.3,0.0,-2.76539356,25.35,1.93,4.35
-2.76539356,-2.76539356,1768.0,11.3,1.5550000000000002,144.0,-2.71997917,373.3,144.0,1.75,1.5550000000000002,-2.71997917,1501.465,1400.0,208.0,1501.465,75.0,180.0,3200.0,16.2,533.0699999999998,-4.9228913525,24.81,1.93,5.1
-2.76539356,-2.76539356,2180.0,11.3,1.545,169.5,-2.71997917,339.5,169.5,1.73,1.545,-2.71997917,1707.465,1400.0,259.0,1707.465,115.0,160.0,2944.0,21.0,945.07,-6.13555505,23.35,1.93,4.65
-2.76539356,-2.76539356,1357.77,11.3,1.415,102.0,-2.71997917,300.5,102.0,1.47,1.415,-2.71997917,1296.35,1400.0,124.0,1296.35,48.0,140.0,3200.0,13.6,122.83999999999992,-3.2230241900000003,24.44,1.93,4.45
-2.76539356,-2.76539356,1811.0,11.3,1.565,145.5,-2.71997917,349.5,145.5,1.77,1.565,-2.71997917,1522.965,1400.0,211.0,1522.965,82.0,170.0,3134.0,13.81,576.0699999999998,-5.52543896,25.1,1.93,4.93
-2.76539356,-2.76539356,1519.0,11.3,1.485,139.0,-2.71997917,250.63,139.0,1.61,1.485,-2.71997917,1376.965,1400.0,198.0,1376.965,78.0,120.0,2435.0,12.91,284.06999999999994,-5.892979405169999,25.35,1.93,4.45
-2.76539356,-2.76539356,1728.0,11.3,1.5550000000000002,144.0,-2.71997917,377.5,144.0,1.75,1.5550000000000002,-2.71997917,1481.465,1400.0,208.0,1481.465,76.0,180.0,3186.0,17.48,493.07,-4.1558590650000005,25.35,1.93,5.2
-2.76539356,-2.76539356,1814.0,11.3,1.315,80.0,-2.71997917,304.8,80.0,1.36,1.315,-2.71997917,1524.465,1400.0,80.0,1524.465,30.0,100.0,3103.0,14.1,579.0699999999998,-4.525453325,25.35,1.93,4.35
-2.76539356,-2.76539356,1941.0,11.3,1.44,95.0,-2.71997917,425.2,95.0,1.52,1.44,-2.71997917,1587.965,1400.0,110.0,1587.965,44.0,110.0,3560.0,14.15,706.0699999999998,-5.27031034,25.06,1.93,4.35
-2.76539356,-2.76539356,2183.0,11.3,1.5,104.5,-2.71997917,446.7,104.5,1.64,1.5,-2.71997917,1708.965,1400.0,129.0,1708.965,47.0,160.0,3680.0,21.5,948.07,-5.852327125,24.89,1.93,4.35
-2.76539356,-2.76539356,1234.93,7.068,1.34,87.5,-2.71997917,250.63,87.5,1.36,1.34,-2.71997917,963.805,1400.0,95.0,963.805,43.0,100.0,2435.0,11.3,542.2500000000001,-2.0026967375,25.35,1.93,4.35
-3.74542312,-3.74542312,933.47,10.71,1.39,70.5,-3.65018713,290.8,70.5,1.39,1.39,-3.65018713,933.47,1000.0,70.5,933.47,26.0,76.0,2792.0,10.71,0.0,-3.74542312,24.2,1.61,4.2
-3.74542312,-3.74542312,1234.93,10.71,1.375,75.25,-3.65018713,290.8,75.25,1.39,1.375,-3.65018713,1084.2,1000.0,80.0,1084.2,30.0,100.0,2792.0,11.3,301.4600000000001,-3.25540834,24.2,1.93,4.35
-3.74542312,-3.74542312,1090.0,10.71,1.415,54.75,-3.65018713,290.8,54.75,1.44,1.415,-3.65018713,1011.735,1000.0,70.5,1011.735,26.0,76.0,2792.0,24.44,156.52999999999997,-4.1981561175,24.2,2.18,4.8
-3.74542312,-3.74542312,1337.33,10.71,1.48,74.4,-3.65018713,324.43,74.4,1.57,1.48,-3.65018713,1135.4,1000.0,78.3,1135.4,27.0,220.0,3129.0,12.55,403.85999999999984,-3.477557865,24.2,2.54,5.15
-3.74542312,-3.74542312,933.47,10.71,1.275,52.25,-3.65018713,290.8,52.25,1.39,1.275,-3.65018713,738.935,1000.0,70.5,738.935,26.0,76.0,2792.0,11.106,389.07000000000005,-3.85955876,24.2,2.02,4.2
-3.74542312,-3.74542312,1115.0,8.54,1.15,45.75,-3.65018713,290.8,45.75,1.39,1.15,-3.65018713,1024.235,1000.0,70.5,1024.235,26.0,76.0,2792.0,10.71,181.53,-2.8468763425,24.2,1.61,4.2
-3.74542312,-3.74542312,933.47,6.21,1.315,66.25,-3.65018713,290.8,66.25,1.39,1.315,-3.65018713,763.845,1000.0,70.5,763.845,26.0,76.0,2792.0,10.71,339.25,-2.2787986725,24.2,1.69,4.2
-3.74542312,-3.74542312,1071.0,5.46,1.29,50.25,-3.65018713,313.8,50.25,1.39,1.29,-3.65018713,1002.235,1000.0,70.5,1002.235,26.0,76.0,3633.0,10.71,137.52999999999997,-4.260996385,24.2,1.61,4.2
-3.74542312,-3.74542312,1768.0,10.71,1.5699999999999998,139.25,-3.65018713,373.3,139.25,1.75,1.5699999999999998,-3.65018713,1350.735,1000.0,208.0,1350.735,75.0,180.0,3200.0,16.2,834.53,-5.4129061325,24.2,1.88,5.1
-3.74542312,-3.74542312,2180.0,10.71,1.56,164.75,-3.65018713,339.5,164.75,1.73,1.56,-3.65018713,1556.735,1000.0,259.0,1556.735,115.0,160.0,2944.0,21.0,1246.53,-6.62556983,23.35,1.66,4.65
-3.74542312,-3.74542312,1357.77,10.71,1.43,97.25,-3.65018713,300.5,97.25,1.47,1.43,-3.65018713,1145.62,1000.0,124.0,1145.62,48.0,140.0,3200.0,13.6,424.3,-3.71303897,24.2,1.9,4.45
-3.74542312,-3.74542312,1770.0,10.71,1.31,71.75,-3.65018713,292.88,71.75,1.39,1.31,-3.65018713,1351.735,1000.0,73.0,1351.735,28.0,76.0,3141.0,19.9,836.53,-4.1545284324999985,24.2,1.61,4.2
-3.74542312,-3.74542312,1811.0,10.71,1.58,140.75,-3.65018713,349.5,140.75,1.77,1.58,-3.65018713,1372.235,1000.0,211.0,1372.235,82.0,170.0,3134.0,13.81,877.53,-6.01545374,24.2,1.83,4.93
-3.74542312,-3.74542312,933.47,5.585,1.35,40.75,-3.65018713,290.8,40.75,1.39,1.35,-3.65018713,618.19,1000.0,70.5,618.19,26.0,76.0,2792.0,10.71,630.56,-3.37883921125,24.2,1.81,4.2
-3.74542312,-3.74542312,1211.4,10.71,1.38,92.75,-3.65018713,334.3,92.75,1.39,1.38,-3.65018713,1072.435,1000.0,115.0,1072.435,26.0,76.0,3093.0,36.94,277.93000000000006,-4.1807313325,23.221999999999998,2.01,4.55
-3.74542312,-3.74542312,2506.0,10.71,1.42,104.75,-3.65018713,661.07,104.75,1.45,1.42,-3.65018713,1719.735,1000.0,139.0,1719.735,30.0,110.0,4876.0,27.2,1572.53,-6.8498612275,24.2,1.61,4.2
-3.74542312,-3.74542312,933.47,2.295,1.315,46.25,-3.65018713,290.8,46.25,1.39,1.315,-3.65018713,583.895,1000.0,70.5,583.895,26.0,76.0,2792.0,10.71,699.1500000000002,-1.997764341207,24.2,2.0,4.2
-3.74542312,-3.74542312,933.47,3.2910000000000004,1.2799999999999998,42.25,-3.65018713,290.8,42.25,1.39,1.2799999999999998,-3.65018713,681.61,1000.0,70.5,681.61,26.0,76.0,2792.0,10.71,503.72,-3.20611254,24.2,1.78,4.2
-3.74542312,-3.74542312,2739.0,10.71,1.61,301.75,-3.65018713,563.58,301.75,1.83,1.61,-3.65018713,1836.235,1000.0,533.0,1836.235,210.0,320.0,4701.0,41.12,1805.53,-6.296967285,24.2,2.2,5.55
-3.74542312,-3.74542312,1193.0,6.2,1.285,60.25,-3.65018713,399.57,60.25,1.39,1.285,-3.65018713,1063.235,1000.0,70.5,1063.235,26.0,76.0,3737.0,10.71,259.53,-4.3364846524999985,24.2,1.61,4.2
-3.74542312,-3.74542312,933.47,8.48,1.2799999999999998,57.45,-3.65018713,290.8,57.45,1.39,1.2799999999999998,-3.65018713,928.235,500.0,70.5,928.235,26.0,76.0,2792.0,10.71,10.470000000000027,-2.643847715,24.2,1.61,4.2
-3.74542312,-3.74542312,1519.0,10.71,1.5,134.25,-3.65018713,290.8,134.25,1.61,1.5,-3.65018713,1226.235,1000.0,198.0,1226.235,78.0,120.0,2792.0,12.91,585.53,-6.382994185169999,24.2,1.61,4.45
-3.74542312,-3.74542312,2896.0,10.71,1.58,196.25,-3.65018713,590.4,196.25,1.77,1.58,-3.65018713,1914.735,1000.0,322.0,1914.735,26.0,230.0,4912.0,37.48,1962.53,-7.295765445,24.06,2.16,4.65
-3.74542312,-3.74542312,933.47,2.6,1.105,37.75,-3.65018713,290.8,37.75,1.39,1.105,-3.65018713,652.1700000000002,500.0,70.5,652.1700000000002,26.0,76.0,2792.0,10.71,562.6,-2.502832251665,24.2,1.61,4.2
-3.74542312,-3.74542312,2750.0,10.71,1.515,87.25,-3.65018713,690.1,87.25,1.64,1.515,-3.65018713,1841.735,1000.0,104.0,1841.735,38.0,170.0,5017.0,30.0,1816.53,-6.919372325,24.2,1.61,4.2
-3.74542312,-3.74542312,1294.0,7.14,1.295,54.25,-3.65018713,290.8,54.25,1.39,1.295,-3.65018713,1113.735,1000.0,70.5,1113.735,26.0,76.0,3373.0,10.71,360.53,-4.25388723,24.2,1.61,4.2
-3.74542312,-3.74542312,1728.0,10.71,1.5699999999999998,139.25,-3.65018713,377.5,139.25,1.75,1.5699999999999998,-3.65018713,1330.735,1000.0,208.0,1330.735,76.0,180.0,3186.0,17.48,794.53,-4.6458738450000014,24.2,1.91,5.2
-3.74542312,-3.74542312,3306.0,10.71,1.62,310.25,-3.65018713,627.6,310.25,1.85,1.62,-3.65018713,2119.735,1000.0,550.0,2119.735,222.0,76.0,5285.0,57.85,2372.53,-7.483063555,24.2,2.2,5.4
-3.74542312,-3.74542312,933.47,10.71,1.52,37.75,-3.65018713,290.8,37.75,1.65,1.52,-3.65018713,625.385,1000.0,70.5,625.385,26.0,76.0,2792.0,18.54,616.1700000000002,-4.57296608125,23.824,2.19,5.55
-3.74542312,-3.74542312,933.47,4.774,1.27,45.25,-3.65018713,290.8,45.25,1.39,1.27,-3.65018713,767.04,1000.0,70.5,767.04,26.0,76.0,2792.0,10.71,332.86,-3.687226365,24.2,2.33,4.2
-3.74542312,-3.74542312,1828.05,10.71,1.5299999999999998,98.75,-3.65018713,393.3,98.75,1.67,1.5299999999999998,-3.65018713,1380.76,1000.0,127.0,1380.76,44.0,180.0,3236.0,16.74,894.5799999999998,-4.441598845,24.2,2.2,5.45
-3.74542312,-3.74542312,2041.4,10.71,1.585,122.75,-3.65018713,510.45,122.75,1.78,1.585,-3.65018713,1487.435,1000.0,175.0,1487.435,61.0,230.0,4098.0,22.175,1107.93,-4.8869664,24.2,2.28,5.65
-3.74542312,-3.74542312,3459.0,10.71,1.62,265.75,-3.65018713,707.1,265.75,1.85,1.62,-3.65018713,2196.235,1000.0,461.0,2196.235,178.0,370.0,5869.0,34.08,2525.53,-8.0812254425,24.2,1.9,5.2
-3.74542312,-3.74542312,2237.0,10.71,1.575,200.25,-3.65018713,495.39,200.25,1.76,1.575,-3.65018713,1585.235,1000.0,330.0,1585.235,150.0,380.0,3968.0,26.59,1303.53,-5.49953432,24.2,2.28,5.4
-3.74542312,-3.74542312,2607.0,10.71,1.61,250.25,-3.65018713,567.77,250.25,1.83,1.61,-3.65018713,1770.235,1000.0,430.0,1770.235,173.0,220.0,4423.0,38.59,1673.53,-6.470028345,24.06,2.2,5.4
-3.74542312,-3.74542312,933.47,1.7209999999999999,0.695,44.75,-3.65018713,290.8,44.75,1.39,0.695,-3.65018713,660.915,1000.0,70.5,660.915,26.0,76.0,2792.0,10.71,545.11,-3.921319919375,22.7,2.58,4.2
-3.74542312,-3.74542312,933.47,10.71,1.325,68.75,-3.65018713,290.8,68.75,1.39,1.325,-3.65018713,918.625,1000.0,70.5,918.625,26.0,76.0,2792.0,19.79,29.69000000000005,-3.93139273,24.2,2.05,4.4
-3.74542312,-3.74542312,1814.0,10.71,1.33,75.25,-3.65018713,304.8,75.25,1.39,1.33,-3.65018713,1373.735,1000.0,80.0,1373.735,29.0,76.0,3103.0,14.1,880.53,-5.015468105,24.2,1.61,4.2
-3.74542312,-3.74542312,933.47,6.69,0.695,45.25,-3.65018713,290.8,45.25,1.39,0.695,-3.65018713,713.735,1000.0,70.5,713.735,26.0,76.0,2792.0,10.71,439.47,-3.608107515,24.2,2.55,4.2
-3.74542312,-3.74542312,1687.0,10.71,1.4449999999999998,116.25,-3.65018713,359.0,116.25,1.5,1.4449999999999998,-3.65018713,1310.235,1000.0,162.0,1310.235,26.0,100.0,3173.0,50.21,753.53,-4.5851705625,19.99,1.9,4.7
-3.74542312,-3.74542312,933.47,7.15,1.315,60.25,-3.65018713,290.8,60.25,1.39,1.315,-3.65018713,719.275,1000.0,70.5,719.275,26.0,76.0,2875.0,10.71,428.39,-3.853235105,24.2,1.96,4.2
-3.74542312,-3.74542312,3290.0,10.71,1.5099999999999998,126.75,-3.65018713,737.0,126.75,1.63,1.5099999999999998,-3.65018713,2111.735,1000.0,183.0,2111.735,69.0,200.0,5731.0,36.57,2356.53,-7.798411329999999,24.2,1.61,4.2
-3.74542312,-3.74542312,2430.0,10.71,1.6,225.25,-3.65018713,502.0,225.25,1.81,1.6,-3.65018713,1681.735,1000.0,380.0,1681.735,26.0,76.0,4538.0,33.29,1496.53,-7.0502871575,24.2,1.9,5.3
-3.74542312,-3.74542312,933.47,10.71,0.695,55.25,-3.65018713,290.8,55.25,1.39,0.695,-3.65018713,828.065,1000.0,70.5,828.065,26.0,76.0,2792.0,17.38,210.8100000000001,-3.4433628133350003,24.2,2.1,4.2
-3.74542312,-3.74542312,1941.0,10.71,1.455,90.25,-3.65018713,425.2,90.25,1.52,1.455,-3.65018713,1437.235,1000.0,110.0,1437.235,44.0,110.0,3560.0,14.15,1007.53,-5.76032512,24.2,1.61,4.2
-3.74542312,-3.74542312,933.47,4.1419999999999995,1.255,41.25,-3.65018713,290.8,41.25,1.39,1.255,-3.65018713,755.235,1000.0,70.5,755.235,26.0,76.0,2792.0,10.71,356.47,-3.009050325,24.2,1.62,4.2
-3.74542312,-3.74542312,2183.0,10.71,1.515,99.75,-3.65018713,446.7,99.75,1.64,1.515,-3.65018713,1558.235,1000.0,129.0,1558.235,47.0,160.0,3680.0,21.5,1249.53,-6.342341905,24.2,1.63,4.25
-3.74542312,-3.74542312,3695.0,10.71,1.6,235.75,-3.65018713,422.58,235.75,1.81,1.6,-3.65018713,2314.235,1000.0,401.0,2314.235,161.0,310.0,5828.0,52.31,2761.53,-8.35211187,24.2,2.36,4.8
-3.74542312,-3.74542312,1799.0,10.71,1.2999999999999998,67.45,-3.65018713,393.3,67.45,1.39,1.2999999999999998,-3.65018713,1366.235,1000.0,70.5,1366.235,26.0,76.0,3618.0,11.39,865.53,-5.1050114475,24.2,1.61,4.2
-3.74542312,-3.74542312,933.47,7.068,1.355,82.75,-3.65018713,290.8,82.75,1.39,1.355,-3.65018713,813.075,1000.0,95.0,813.075,43.0,76.0,2792.0,10.71,240.79000000000008,-2.4927115175,24.2,1.65,4.2
-3.74542312,-3.74542312,2128.0,10.71,1.4,82.25,-3.65018713,590.5,82.25,1.41,1.4,-3.65018713,1530.735,1000.0,94.0,1530.735,33.0,76.0,4682.0,21.0,1194.53,-6.1456908375,24.2,1.61,4.2
-3.20969261,-3.20969261,1337.33,12.55,1.57,78.3,-3.18445282,324.43,78.3,1.57,1.57,-3.18445282,1337.33,1000.0,78.3,1337.33,27.0,220.0,3129.0,12.55,0.0,-3.20969261,25.418000000000003,2.54,5.15
-3.20969261,-3.20969261,1337.33,11.3,1.465,79.15,-3.18445282,324.43,79.15,1.57,1.465,-3.18445282,1286.13,1000.0,80.0,1286.13,30.0,220.0,3129.0,12.55,102.39999999999986,-2.987543085,25.35,2.54,5.15
-3.20969261,-3.20969261,1337.33,6.21,1.405,70.15,-3.18445282,324.43,70.15,1.57,1.405,-3.18445282,965.775,1000.0,78.3,965.775,27.0,220.0,3129.0,12.55,743.1099999999999,-2.0109334175,25.418000000000003,2.54,5.15
-3.20969261,-3.20969261,2896.0,12.55,1.67,200.15,-3.18445282,590.4,200.15,1.77,1.67,-3.18445282,2116.665,1000.0,322.0,2116.665,27.0,230.0,4912.0,37.48,1558.67,-7.02790019,24.06,2.54,5.15
-3.20969261,-3.20969261,2750.0,12.55,1.605,91.15,-3.18445282,690.1,91.15,1.64,1.605,-3.18445282,2043.665,1000.0,104.0,2043.665,38.0,220.0,5017.0,30.0,1412.67,-6.65150707,24.6,2.54,5.15
-3.20969261,-3.20969261,1828.05,12.55,1.62,102.65,-3.18445282,393.3,102.65,1.67,1.62,-3.18445282,1582.69,1000.0,127.0,1582.69,44.0,220.0,3236.0,16.74,490.72,-4.17373359,25.418000000000003,2.54,5.45
-3.20969261,-3.20969261,2237.0,12.55,1.665,204.15,-3.18445282,495.39,204.15,1.76,1.665,-3.18445282,1787.165,1000.0,330.0,1787.165,150.0,380.0,3968.0,26.59,899.6700000000002,-5.231669065,24.98,2.54,5.4
-3.20969261,-3.20969261,2607.0,12.55,1.7000000000000002,254.15,-3.18445282,567.77,254.15,1.83,1.7000000000000002,-3.18445282,1972.165,1000.0,430.0,1972.165,173.0,220.0,4423.0,38.59,1269.67,-6.20216309,24.06,2.54,5.4
-3.20969261,-3.20969261,2430.0,12.55,1.69,229.15,-3.18445282,502.0,229.15,1.81,1.69,-3.18445282,1883.665,1000.0,380.0,1883.665,27.0,220.0,4538.0,33.29,1092.67,-6.7824219024999985,25.418000000000003,2.54,5.3
-3.20969261,-3.20969261,1799.0,11.39,1.39,71.35,-3.18445282,393.3,71.35,1.57,1.39,-3.18445282,1568.165,1000.0,78.3,1568.165,27.0,220.0,3618.0,12.55,461.67000000000013,-4.8371461925,25.418000000000003,2.54,5.15
-3.20969261,-3.20969261,2128.0,12.55,1.49,86.15,-3.18445282,590.5,86.15,1.57,1.49,-3.18445282,1732.665,1000.0,94.0,1732.665,33.0,220.0,4682.0,21.0,790.6700000000002,-5.8778255825,25.36,2.54,5.15
-1.948329565,-1.948329565,1115.0,8.54,0.91,21.0,-1.92725921,154.67,21.0,0.91,0.91,-1.92725921,1115.0,1500.0,21.0,1115.0,7.4,17.0,1757.0,8.54,0.0,-1.948329565,25.929000000000002,1.0,2.55
-1.948329565,-1.948329565,1234.93,8.54,1.135,50.5,-1.92725921,250.63,50.5,1.36,1.135,-1.92725921,1174.965,1400.0,80.0,1174.965,30.0,100.0,2435.0,11.3,119.93000000000006,-2.3568615625,25.35,1.93,4.35
-1.948329565,-1.948329565,1115.0,6.21,1.075,41.5,-1.92725921,154.67,41.5,1.24,1.075,-1.92725921,854.61,1300.0,62.0,854.61,19.0,42.0,1757.0,8.54,520.78,-1.380251895,25.929000000000002,1.69,4.05
-1.948329565,-1.948329565,2750.0,8.54,1.275,62.5,-1.92725921,690.1,62.5,1.64,1.275,-1.92725921,1932.5,1500.0,104.0,1932.5,38.0,170.0,5017.0,30.0,1635.0,-6.0208255475,24.6,1.6,4.05
-1.948329565,-1.948329565,1799.0,8.54,1.06,42.7,-1.92725921,393.3,42.7,1.21,1.06,-1.92725921,1457.0,1500.0,64.4,1457.0,26.0,41.0,3618.0,11.39,684.0,-4.20646467,25.929000000000002,1.22,3.2
-1.948329565,-1.948329565,2128.0,8.54,1.16,57.5,-1.92725921,590.5,57.5,1.41,1.16,-1.92725921,1621.5,1500.0,94.0,1621.5,33.0,17.0,4682.0,21.0,1013.0,-5.24714406,25.36,1.33,3.45
-3.68065482,-3.68065482,1357.77,13.6,1.47,124.0,-3.64288728,300.5,124.0,1.47,1.47,-3.64288728,1357.77,1500.0,124.0,1357.77,48.0,140.0,3200.0,13.6,0.0,-3.68065482,24.44,1.9,4.45
-3.68065482,-3.68065482,1357.77,11.3,1.415,102.0,-3.64288728,300.5,102.0,1.47,1.415,-3.64288728,1296.35,1400.0,124.0,1296.35,48.0,140.0,3200.0,13.6,122.83999999999992,-3.2230241900000003,24.44,1.93,4.45
-3.68065482,-3.68065482,1357.77,10.71,1.43,97.25,-3.64288728,300.5,97.25,1.47,1.43,-3.64288728,1145.62,1000.0,124.0,1145.62,48.0,140.0,3200.0,13.6,424.3,-3.71303897,24.2,1.9,4.45
-3.68065482,-3.68065482,1357.77,12.55,1.52,101.15,-3.64288728,324.43,101.15,1.57,1.52,-3.64288728,1347.55,1000.0,124.0,1347.55,48.0,220.0,3200.0,13.6,20.44000000000005,-3.445173715,24.44,2.54,5.15
-3.68065482,-3.68065482,1357.77,11.106,1.315,79.0,-3.64288728,300.5,79.0,1.47,1.315,-3.64288728,951.085,1500.0,124.0,951.085,48.0,140.0,3200.0,13.6,813.37,-3.82717461,24.44,2.02,4.45
-3.68065482,-3.68065482,1357.77,6.21,1.355,93.0,-3.64288728,300.5,93.0,1.47,1.355,-3.64288728,975.995,1300.0,124.0,975.995,48.0,140.0,3200.0,13.6,763.55,-2.2464145225,24.44,1.9,4.45
-3.68065482,-3.68065482,1768.0,13.6,1.61,166.0,-3.64288728,373.3,166.0,1.75,1.61,-3.64288728,1562.885,1500.0,208.0,1562.885,75.0,180.0,3200.0,16.2,410.23,-5.3805219825,24.44,1.9,5.1
-3.68065482,-3.68065482,2180.0,13.6,1.6,191.5,-3.64288728,339.5,191.5,1.73,1.6,-3.64288728,1768.885,1500.0,259.0,1768.885,115.0,160.0,3200.0,21.0,822.23,-6.59318568,23.35,1.9,4.65
-3.68065482,-3.68065482,1811.0,13.6,1.62,167.5,-3.64288728,349.5,167.5,1.77,1.62,-3.64288728,1584.385,1400.0,211.0,1584.385,82.0,170.0,3200.0,13.81,453.23,-5.98306959,24.44,1.9,4.93
-3.68065482,-3.68065482,1357.77,5.585,1.39,67.5,-3.64288728,300.5,67.5,1.47,1.39,-3.64288728,830.34,1500.0,124.0,830.34,48.0,140.0,3200.0,13.6,1054.86,-3.34645506125,24.44,1.9,4.45
-3.68065482,-3.68065482,1357.77,13.6,1.42,119.5,-3.64288728,334.3,119.5,1.47,1.42,-3.64288728,1284.585,1500.0,124.0,1284.585,48.0,140.0,3200.0,36.94,146.3699999999999,-4.1483471825,23.221999999999998,2.01,4.55
-3.68065482,-3.68065482,2506.0,13.6,1.46,131.5,-3.64288728,661.07,131.5,1.47,1.46,-3.64288728,1931.885,1500.0,139.0,1931.885,48.0,140.0,4876.0,27.2,1148.23,-6.8174770775,24.44,1.9,4.45
-3.68065482,-3.68065482,1357.77,2.295,1.355,73.0,-3.64288728,300.5,73.0,1.47,1.355,-3.64288728,796.045,1500.0,124.0,796.045,48.0,140.0,3200.0,13.6,1123.45,-1.965380191207,24.44,2.0,4.45
-3.68065482,-3.68065482,1357.77,3.2910000000000004,1.3199999999999998,69.0,-3.64288728,300.5,69.0,1.47,1.3199999999999998,-3.64288728,893.76,1500.0,124.0,893.76,48.0,140.0,3200.0,13.6,928.02,-3.17372839,24.44,1.9,4.45
-3.68065482,-3.68065482,2739.0,13.6,1.65,328.5,-3.64288728,563.58,328.5,1.83,1.65,-3.64288728,2048.385,1500.0,533.0,2048.385,210.0,320.0,4701.0,41.12,1381.23,-6.2645831350000005,24.44,2.2,5.55
-3.68065482,-3.68065482,1357.77,8.48,1.3199999999999998,84.2,-3.64288728,300.5,84.2,1.47,1.3199999999999998,-3.64288728,1140.385,500.0,124.0,1140.385,48.0,140.0,3200.0,13.6,434.77,-2.611463565,24.44,1.9,4.45
-3.68065482,-3.68065482,1519.0,12.91,1.54,161.0,-3.64288728,300.5,161.0,1.61,1.54,-3.64288728,1438.385,1500.0,198.0,1438.385,78.0,140.0,3200.0,13.6,161.23000000000005,-6.35061003517,24.44,1.9,4.45
-3.68065482,-3.68065482,2896.0,13.6,1.62,223.0,-3.64288728,590.4,223.0,1.77,1.62,-3.64288728,2126.885,1500.0,322.0,2126.885,48.0,230.0,4912.0,37.48,1538.23,-7.263381295,24.06,2.16,4.65
-3.68065482,-3.68065482,2750.0,13.6,1.555,114.0,-3.64288728,690.1,114.0,1.64,1.555,-3.64288728,2053.885,1500.0,124.0,2053.885,48.0,170.0,5017.0,30.0,1392.23,-6.886988175000001,24.44,1.9,4.45
-3.68065482,-3.68065482,1728.0,13.6,1.61,166.0,-3.64288728,377.5,166.0,1.75,1.61,-3.64288728,1542.885,1500.0,208.0,1542.885,76.0,180.0,3200.0,17.48,370.23,-4.613489695,24.44,1.91,5.2
-3.68065482,-3.68065482,3306.0,13.6,1.66,337.0,-3.64288728,627.6,337.0,1.85,1.66,-3.64288728,2331.885,1500.0,550.0,2331.885,222.0,140.0,5285.0,57.85,1948.23,-7.450679405000002,24.44,2.2,5.4
-3.68065482,-3.68065482,1357.77,4.774,1.31,72.0,-3.64288728,300.5,72.0,1.47,1.31,-3.64288728,979.19,1500.0,124.0,979.19,48.0,140.0,3200.0,13.6,757.16,-3.654842215,24.44,2.33,4.45
-3.68065482,-3.68065482,1828.05,13.6,1.5699999999999998,125.5,-3.64288728,393.3,125.5,1.67,1.5699999999999998,-3.64288728,1592.91,1500.0,127.0,1592.91,48.0,180.0,3236.0,16.74,470.28,-4.409214695,24.44,2.2,5.45
-3.68065482,-3.68065482,2041.4,13.6,1.625,149.5,-3.64288728,510.45,149.5,1.78,1.625,-3.64288728,1699.585,1500.0,175.0,1699.585,61.0,230.0,4098.0,22.175,683.6300000000001,-4.85458225,24.44,2.28,5.65
-3.68065482,-3.68065482,3459.0,13.6,1.66,292.5,-3.64288728,707.1,292.5,1.85,1.66,-3.64288728,2408.385,1500.0,461.0,2408.385,178.0,370.0,5869.0,34.08,2101.23,-8.0488412925,24.44,1.9,5.2
-3.68065482,-3.68065482,2237.0,13.6,1.615,227.0,-3.64288728,495.39,227.0,1.76,1.615,-3.64288728,1797.385,1500.0,330.0,1797.385,150.0,380.0,3968.0,26.59,879.23,-5.46715017,24.44,2.28,5.4
-3.68065482,-3.68065482,2607.0,13.6,1.65,277.0,-3.64288728,567.77,277.0,1.83,1.65,-3.64288728,1982.385,1500.0,430.0,1982.385,173.0,220.0,4423.0,38.59,1249.23,-6.437644195000002,24.06,2.2,5.4
-3.68065482,-3.68065482,1357.77,1.7209999999999999,0.735,71.5,-3.64288728,300.5,71.5,1.47,0.735,-3.64288728,873.065,1000.0,124.0,873.065,48.0,140.0,3200.0,13.6,969.41,-3.888935769375,22.7,2.58,4.45
-3.68065482,-3.68065482,1357.77,13.6,1.365,95.5,-3.64288728,300.5,95.5,1.47,1.365,-3.64288728,1130.775,1500.0,124.0,1130.775,48.0,140.0,3200.0,19.79,453.99,-3.89900858,24.44,2.05,4.45
-3.68065482,-3.68065482,1814.0,13.6,1.37,102.0,-3.64288728,304.8,102.0,1.47,1.37,-3.64288728,1585.885,1500.0,124.0,1585.885,48.0,140.0,3200.0,14.1,456.23,-4.983083955,24.44,1.9,4.45
-3.68065482,-3.68065482,1687.0,13.6,1.485,143.0,-3.64288728,359.0,143.0,1.5,1.485,-3.64288728,1522.385,1000.0,162.0,1522.385,48.0,140.0,3200.0,50.21,329.23,-4.5527864125,19.99,1.9,4.7
-3.68065482,-3.68065482,1357.77,7.15,1.355,87.0,-3.64288728,300.5,87.0,1.47,1.355,-3.64288728,931.425,1500.0,124.0,931.425,48.0,140.0,3200.0,13.6,852.69,-3.820850955,24.44,1.96,4.45
-3.68065482,-3.68065482,3290.0,13.6,1.5499999999999998,153.5,-3.64288728,737.0,153.5,1.63,1.5499999999999998,-3.64288728,2323.885,1500.0,183.0,2323.885,69.0,200.0,5731.0,36.57,1932.23,-7.76602718,24.44,1.9,4.45
-3.68065482,-3.68065482,2430.0,13.6,1.64,252.0,-3.64288728,502.0,252.0,1.81,1.64,-3.64288728,1893.885,1500.0,380.0,1893.885,48.0,140.0,4538.0,33.29,1072.23,-7.017903007499998,24.44,1.9,5.3
-3.68065482,-3.68065482,1941.0,13.6,1.495,117.0,-3.64288728,425.2,117.0,1.52,1.495,-3.64288728,1649.385,1500.0,124.0,1649.385,48.0,140.0,3560.0,14.15,583.23,-5.7279409700000015,24.44,1.9,4.45
-3.68065482,-3.68065482,1357.77,4.1419999999999995,1.295,68.0,-3.64288728,300.5,68.0,1.47,1.295,-3.64288728,967.385,1500.0,124.0,967.385,48.0,140.0,3200.0,13.6,780.77,-2.976666175,24.44,1.9,4.45
-3.68065482,-3.68065482,2183.0,13.6,1.555,126.5,-3.64288728,446.7,126.5,1.64,1.555,-3.64288728,1770.385,1500.0,129.0,1770.385,48.0,160.0,3680.0,21.5,825.23,-6.309957754999999,24.44,1.9,4.45
-3.68065482,-3.68065482,3695.0,13.6,1.64,262.5,-3.64288728,422.58,262.5,1.81,1.64,-3.64288728,2526.385,1500.0,401.0,2526.385,161.0,310.0,5828.0,52.31,2337.23,-8.31972772,24.27,2.36,4.8
-3.68065482,-3.68065482,1357.77,7.068,1.395,109.5,-3.64288728,300.5,109.5,1.47,1.395,-3.64288728,1025.225,1500.0,124.0,1025.225,48.0,140.0,3200.0,13.6,665.09,-2.4603273675,24.44,1.9,4.45
-3.68065482,-3.68065482,2128.0,13.6,1.44,109.0,-3.64288728,590.5,109.0,1.47,1.44,-3.64288728,1742.885,1500.0,124.0,1742.885,48.0,140.0,4682.0,21.0,770.23,-6.1133066875,24.44,1.9,4.45
-8.28548436,-8.28548436,1811.0,13.81,1.77,211.0,-8.28548436,349.5,211.0,1.77,1.77,-8.28548436,1811.0,1400.0,211.0,1811.0,82.0,170.0,3134.0,13.81,0.0,-8.28548436,25.1,1.83,4.93
-8.28548436,-8.28548436,1811.0,10.71,1.58,140.75,-8.28548436,349.5,140.75,1.77,1.58,-8.28548436,1372.235,1000.0,211.0,1372.235,82.0,170.0,3134.0,13.81,877.53,-6.01545374,24.2,1.83,4.93
-8.28548436,-8.28548436,1811.0,13.81,1.605,125.0,-8.28548436,349.5,125.0,1.77,1.605,-8.28548436,1450.5,1400.0,211.0,1450.5,82.0,170.0,3134.0,24.44,721.0,-6.4681867375,24.64,2.18,4.93
-8.28548436,-8.28548436,1811.0,11.106,1.465,122.5,-8.28548436,349.5,122.5,1.77,1.465,-8.28548436,1177.7,1400.0,211.0,1177.7,82.0,170.0,3134.0,13.81,1266.6,-6.12958938,25.1,2.02,4.93
-8.28548436,-8.28548436,1811.0,13.81,1.76,209.5,-8.28548436,373.3,209.5,1.77,1.76,-8.28548436,1789.5,1400.0,211.0,1789.5,82.0,180.0,3200.0,16.2,43.0,-7.6829367525,24.81,1.88,5.1
-8.28548436,-8.28548436,2180.0,13.81,1.75,235.0,-8.28548436,349.5,235.0,1.77,1.75,-8.28548436,1995.5,1400.0,259.0,1995.5,115.0,170.0,3134.0,21.0,369.0,-8.89560045,23.35,1.83,4.93
-8.28548436,-8.28548436,1811.0,5.585,1.54,111.0,-8.28548436,349.5,111.0,1.77,1.54,-8.28548436,1056.955,1400.0,211.0,1056.955,82.0,170.0,3134.0,13.81,1508.09,-5.64886983125,25.1,1.83,4.93
-8.28548436,-8.28548436,1811.0,13.81,1.57,163.0,-8.28548436,349.5,163.0,1.77,1.57,-8.28548436,1511.2,1400.0,211.0,1511.2,82.0,170.0,3134.0,36.94,599.5999999999998,-6.4507619525,23.221999999999998,2.01,4.93
-8.28548436,-8.28548436,2739.0,13.81,1.8,372.0,-8.28548436,563.58,372.0,1.83,1.8,-8.28548436,2275.0,1400.0,533.0,2275.0,210.0,320.0,4701.0,41.12,928.0,-8.566997905000001,25.1,2.2,5.55
-8.28548436,-8.28548436,2896.0,13.81,1.77,266.5,-8.28548436,590.4,266.5,1.77,1.77,-8.28548436,2353.5,1400.0,322.0,2353.5,82.0,230.0,4912.0,37.48,1085.0,-9.565796065,24.06,2.16,4.93
-8.28548436,-8.28548436,2750.0,13.81,1.705,157.5,-8.28548436,690.1,157.5,1.77,1.705,-8.28548436,2280.5,1400.0,211.0,2280.5,82.0,170.0,5017.0,30.0,939.0,-9.189402945,24.6,1.83,4.93
-8.28548436,-8.28548436,1811.0,13.81,1.76,209.5,-8.28548436,377.5,209.5,1.77,1.76,-8.28548436,1769.5,1400.0,211.0,1769.5,82.0,180.0,3186.0,17.48,83.0,-6.9159044650000014,25.1,1.91,5.2
-8.28548436,-8.28548436,1811.0,13.81,1.71,108.0,-8.28548436,349.5,108.0,1.77,1.71,-8.28548436,1064.15,1400.0,211.0,1064.15,82.0,170.0,3134.0,18.54,1493.7,-6.84299670125,23.824,2.19,5.55
-8.28548436,-8.28548436,1811.0,4.774,1.46,115.5,-8.28548436,349.5,115.5,1.77,1.46,-8.28548436,1205.805,1400.0,211.0,1205.805,82.0,170.0,3134.0,13.81,1210.39,-5.957256985,24.7,2.33,4.93
-8.28548436,-8.28548436,2237.0,13.81,1.765,270.5,-8.28548436,495.39,270.5,1.77,1.765,-8.28548436,2024.0,1400.0,330.0,2024.0,150.0,380.0,3968.0,26.59,426.0,-7.76956494,24.98,2.28,5.4
-8.28548436,-8.28548436,2607.0,13.81,1.8,320.5,-8.28548436,567.77,320.5,1.83,1.8,-8.28548436,2209.0,1400.0,430.0,2209.0,173.0,220.0,4423.0,38.59,796.0,-8.740058965,24.06,2.2,5.4
-8.28548436,-8.28548436,1811.0,13.81,1.515,139.0,-8.28548436,349.5,139.0,1.77,1.515,-8.28548436,1357.39,1400.0,211.0,1357.39,82.0,170.0,3134.0,19.79,907.22,-6.20142335,25.1,2.05,4.93
-8.28548436,-8.28548436,1811.0,13.81,1.635,186.5,-8.28548436,359.0,186.5,1.77,1.635,-8.28548436,1749.0,1000.0,211.0,1749.0,82.0,170.0,3173.0,50.21,124.0,-6.8552011825,19.99,1.9,4.93
-8.28548436,-8.28548436,1811.0,7.15,1.505,130.5,-8.28548436,349.5,130.5,1.77,1.505,-8.28548436,1158.04,1400.0,211.0,1158.04,82.0,170.0,3134.0,13.81,1305.92,-6.123265725,25.1,1.96,4.93
-8.28548436,-8.28548436,2430.0,13.81,1.79,295.5,-8.28548436,502.0,295.5,1.81,1.79,-8.28548436,2120.5,1400.0,380.0,2120.5,82.0,170.0,4538.0,33.29,619.0,-9.3203177775,25.1,1.9,5.3
-8.28548436,-8.28548436,1941.0,13.81,1.645,160.5,-8.28548436,425.2,160.5,1.77,1.645,-8.28548436,1876.0,1400.0,211.0,1876.0,82.0,170.0,3560.0,14.15,130.0,-8.030355740000001,25.06,1.83,4.93
-8.28548436,-8.28548436,2183.0,13.81,1.705,170.0,-8.28548436,446.7,170.0,1.77,1.705,-8.28548436,1997.0,1400.0,211.0,1997.0,82.0,170.0,3680.0,21.5,372.0,-8.612372525,24.89,1.83,4.93
-8.28548436,-8.28548436,3695.0,13.81,1.79,306.0,-8.28548436,422.58,306.0,1.81,1.79,-8.28548436,2753.0,1400.0,401.0,2753.0,161.0,310.0,5828.0,52.31,1884.0,-10.62214249,24.27,2.36,4.93
-8.28548436,-8.28548436,1811.0,7.068,1.545,153.0,-8.28548436,349.5,153.0,1.77,1.545,-8.28548436,1251.84,1400.0,211.0,1251.84,82.0,170.0,3134.0,13.81,1118.3200000000004,-4.7627421375,25.1,1.83,4.93
-8.28548436,-8.28548436,1811.0,13.6,1.62,167.5,-8.28548436,349.5,167.5,1.77,1.62,-8.28548436,1584.385,1400.0,211.0,1584.385,82.0,170.0,3200.0,13.81,453.23,-5.98306959,24.44,1.9,4.93
-8.28548436,-8.28548436,1811.0,12.91,1.69,204.5,-8.28548436,349.5,204.5,1.77,1.69,-8.28548436,1665.0,1400.0,211.0,1665.0,82.0,170.0,3134.0,13.81,292.0,-8.65302480517,25.1,1.83,4.93
-8.28548436,-8.28548436,1811.0,11.3,1.565,145.5,-8.28548436,349.5,145.5,1.77,1.565,-8.28548436,1522.965,1400.0,211.0,1522.965,82.0,170.0,3134.0,13.81,576.0699999999998,-5.52543896,25.1,1.93,4.93
-8.28548436,-8.28548436,1811.0,12.55,1.67,144.65,-8.28548436,349.5,144.65,1.77,1.67,-8.28548436,1574.165,1000.0,211.0,1574.165,82.0,220.0,3134.0,13.81,473.67000000000013,-5.747588485,25.1,2.54,5.15
-8.28548436,-8.28548436,1811.0,6.21,1.505,136.5,-8.28548436,349.5,136.5,1.77,1.505,-8.28548436,1202.61,1300.0,211.0,1202.61,82.0,170.0,3134.0,13.81,1216.78,-4.5488292925,25.1,1.83,4.93
-8.28548436,-8.28548436,2506.0,13.81,1.61,175.0,-8.28548436,661.07,175.0,1.77,1.61,-8.28548436,2158.5,1400.0,211.0,2158.5,82.0,170.0,4876.0,27.2,695.0,-9.1198918475,25.1,1.83,4.93
-8.28548436,-8.28548436,1811.0,2.295,1.505,116.5,-8.28548436,349.5,116.5,1.77,1.505,-8.28548436,1022.66,1400.0,211.0,1022.66,82.0,170.0,3134.0,13.81,1576.68,-4.267794961207,25.1,2.0,4.93
-8.28548436,-8.28548436,1811.0,3.2910000000000004,1.47,112.5,-8.28548436,349.5,112.5,1.77,1.47,-8.28548436,1120.375,1400.0,211.0,1120.375,82.0,170.0,3134.0,13.81,1381.25,-5.47614316,25.1,1.83,4.93
-8.28548436,-8.28548436,3306.0,13.81,1.81,380.5,-8.28548436,627.6,380.5,1.85,1.81,-8.28548436,2558.5,1400.0,550.0,2558.5,222.0,170.0,5285.0,57.85,1495.0,-9.753094175,24.7,2.2,5.4
-8.28548436,-8.28548436,1828.05,13.81,1.72,169.0,-8.28548436,393.3,169.0,1.77,1.72,-8.28548436,1819.525,1400.0,211.0,1819.525,82.0,180.0,3236.0,16.74,17.049999999999955,-6.711629465,25.1,2.2,5.45
-8.28548436,-8.28548436,2041.4,13.81,1.775,193.0,-8.28548436,510.45,193.0,1.78,1.775,-8.28548436,1926.2,1400.0,211.0,1926.2,82.0,230.0,4098.0,22.175,230.40000000000006,-7.15699702,25.1,2.28,5.65
-8.28548436,-8.28548436,1814.0,13.81,1.52,145.5,-8.28548436,349.5,145.5,1.77,1.52,-8.28548436,1812.5,1400.0,211.0,1812.5,82.0,170.0,3134.0,14.1,3.0,-7.285498725,25.1,1.83,4.93
-8.28548436,-8.28548436,3290.0,13.81,1.7,197.0,-8.28548436,737.0,197.0,1.77,1.7,-8.28548436,2550.5,1400.0,211.0,2550.5,82.0,200.0,5731.0,36.57,1479.0,-10.06844195,25.1,1.83,4.93
-8.28548436,-8.28548436,1811.0,4.1419999999999995,1.445,111.5,-8.28548436,349.5,111.5,1.77,1.445,-8.28548436,1194.0,1400.0,211.0,1194.0,82.0,170.0,3134.0,13.81,1234.0,-5.2790809450000005,25.1,1.83,4.93
-8.28548436,-8.28548436,2128.0,13.81,1.59,152.5,-8.28548436,590.5,152.5,1.77,1.59,-8.28548436,1969.5,1400.0,211.0,1969.5,82.0,170.0,4682.0,21.0,317.0,-8.4157214575,25.1,1.83,4.93
-8.28548436,-8.28548436,3459.0,13.81,1.81,336.0,-8.28548436,707.1,336.0,1.85,1.81,-8.28548436,2635.0,1400.0,461.0,2635.0,178.0,370.0,5869.0,34.08,1648.0,-10.3512560625,25.1,1.9,5.2
-8.84851145,-8.84851145,2739.0,41.12,1.83,533.0,-8.22715557,563.58,533.0,1.83,1.83,-8.22715557,2739.0,9100.0,533.0,2739.0,210.0,320.0,4701.0,41.12,0.0,-8.84851145,25.1,2.2,5.55
-8.84851145,-8.84851145,2739.0,11.3,1.5950000000000002,306.5,-8.22715557,563.58,306.5,1.83,1.5950000000000002,-8.22715557,1986.965,1400.0,533.0,1986.965,210.0,320.0,4701.0,41.12,1504.07,-5.806952505,25.1,2.2,5.55
-8.84851145,-8.84851145,2739.0,6.21,1.535,297.5,-8.22715557,563.58,297.5,1.83,1.535,-8.22715557,1666.61,1300.0,533.0,1666.61,210.0,320.0,4701.0,41.12,2144.78,-4.8303428375,25.1,2.2,5.55
-8.84851145,-8.84851145,2896.0,37.48,1.8,427.5,-8.22715557,590.4,427.5,1.83,1.8,-8.22715557,2817.5,5300.0,533.0,2817.5,210.0,320.0,4912.0,41.12,157.0,-9.84730961,24.06,2.2,5.55
-8.84851145,-8.84851145,2750.0,30.0,1.735,318.5,-8.22715557,690.1,318.5,1.83,1.735,-8.22715557,2744.5,8800.0,533.0,2744.5,210.0,320.0,5017.0,41.12,11.0,-9.47091649,24.6,2.2,5.55
-8.84851145,-8.84851145,2739.0,16.74,1.75,330.0,-8.22715557,563.58,330.0,1.83,1.75,-8.22715557,2283.525,8000.0,533.0,2283.525,210.0,320.0,4701.0,41.12,910.95,-6.993143010000002,25.1,2.2,5.55
-8.84851145,-8.84851145,2739.0,26.59,1.795,431.5,-8.22715557,563.58,431.5,1.83,1.795,-8.22715557,2488.0,8000.0,533.0,2488.0,210.0,380.0,4701.0,41.12,502.0,-8.051078485,24.98,2.28,5.55
-8.84851145,-8.84851145,2739.0,38.59,1.83,481.5,-8.22715557,567.77,481.5,1.83,1.83,-8.22715557,2673.0,8000.0,533.0,2673.0,210.0,320.0,4701.0,41.12,132.0,-9.02157251,24.06,2.2,5.55
-8.84851145,-8.84851145,2739.0,33.29,1.82,456.5,-8.22715557,563.58,456.5,1.83,1.82,-8.22715557,2584.5,9100.0,533.0,2584.5,210.0,320.0,4701.0,41.12,309.0,-9.6018313225,25.1,2.2,5.55
-8.84851145,-8.84851145,2739.0,11.39,1.52,298.7,-8.22715557,563.58,298.7,1.83,1.52,-8.22715557,2269.0,2600.0,533.0,2269.0,210.0,320.0,4701.0,41.12,940.0,-7.6565556125,25.1,2.2,5.55
-8.84851145,-8.84851145,2739.0,21.0,1.62,313.5,-8.22715557,590.5,313.5,1.83,1.62,-8.22715557,2433.5,2600.0,533.0,2433.5,210.0,320.0,4701.0,41.12,611.0,-8.697235002500001,25.1,2.2,5.55
-1.54227231,-1.54227231,923.0,8.48,1.17,44.4,-1.51367083,127.6,44.4,1.17,1.17,-1.51367083,923.0,500.0,44.4,923.0,17.0,45.0,1363.0,8.48,0.0,-1.54227231,24.869,1.31,3.45
-1.54227231,-1.54227231,1234.93,8.48,1.265,62.2,-1.51367083,250.63,62.2,1.36,1.265,-1.51367083,1078.965,500.0,80.0,1078.965,30.0,100.0,2435.0,11.3,311.93000000000006,-2.153832935,24.869,1.93,4.35
-1.54227231,-1.54227231,933.47,8.48,1.2799999999999998,57.45,-1.51367083,290.8,57.45,1.39,1.2799999999999998,-1.51367083,928.235,500.0,70.5,928.235,26.0,76.0,2792.0,10.71,10.470000000000027,-2.643847715,24.2,1.61,4.2
-1.54227231,-1.54227231,1337.33,8.48,1.37,61.35,-1.51367083,324.43,61.35,1.57,1.37,-1.51367083,1130.165,500.0,78.3,1130.165,27.0,220.0,3129.0,12.55,414.32999999999987,-2.37598246,24.869,2.54,5.15
-1.54227231,-1.54227231,1560.0,7.895,1.42,172.7,-1.51367083,297.0,172.7,1.67,1.42,-1.51367083,1241.5,500.0,301.0,1241.5,132.0,130.0,2743.0,8.48,637.0,-2.6486555025,16.442999999999998,1.57,5.05
-1.54227231,-1.54227231,923.0,8.48,1.165,39.2,-1.51367083,179.0,39.2,1.17,1.165,-1.51367083,733.7,500.0,44.4,733.7,17.0,45.0,1837.0,11.106,378.6,-2.757983355,24.869,2.02,4.15
-1.54227231,-1.54227231,1115.0,8.48,1.04,32.7,-1.51367083,154.67,32.7,1.17,1.04,-1.51367083,1019.0,500.0,44.4,1019.0,17.0,45.0,1757.0,8.54,192.0,-1.7453009375,24.869,1.31,3.45
-1.54227231,-1.54227231,923.0,6.21,1.205,53.2,-1.51367083,127.6,53.2,1.24,1.205,-1.51367083,758.61,500.0,62.0,758.61,19.0,45.0,1363.0,8.48,328.78,-1.1772232675,24.869,1.69,4.05
-1.54227231,-1.54227231,1071.0,5.46,1.18,37.2,-1.51367083,313.8,37.2,1.19,1.18,-1.51367083,997.0,500.0,44.4,997.0,17.0,45.0,3633.0,8.48,148.0,-3.15942098,24.869,1.31,3.45
-1.54227231,-1.54227231,1768.0,8.48,1.46,126.2,-1.51367083,373.3,126.2,1.75,1.46,-1.51367083,1345.5,500.0,208.0,1345.5,75.0,180.0,3200.0,16.2,845.0,-4.3113307275,24.81,1.88,5.1
-1.54227231,-1.54227231,2180.0,8.48,1.45,151.7,-1.51367083,339.5,151.7,1.73,1.45,-1.51367083,1551.5,500.0,259.0,1551.5,115.0,160.0,2944.0,21.0,1257.0,-5.523994425,23.35,1.66,4.65
-1.54227231,-1.54227231,1357.77,8.48,1.3199999999999998,84.2,-1.51367083,300.5,84.2,1.47,1.3199999999999998,-1.51367083,1140.385,500.0,124.0,1140.385,48.0,140.0,3200.0,13.6,434.77,-2.611463565,24.44,1.9,4.45
-1.54227231,-1.54227231,1811.0,8.48,1.47,127.7,-1.51367083,349.5,127.7,1.77,1.47,-1.51367083,1367.0,500.0,211.0,1367.0,82.0,170.0,3134.0,13.81,888.0,-4.913878335,24.869,1.83,4.93
-1.54227231,-1.54227231,923.0,5.585,1.24,27.7,-1.51367083,256.06,27.7,1.31,1.24,-1.51367083,612.955,500.0,44.4,612.955,17.0,45.0,2477.0,8.48,620.0899999999998,-2.27726380625,24.869,1.81,4.1
-1.54227231,-1.54227231,1586.0,8.48,1.19,49.7,-1.51367083,311.71,49.7,1.21,1.19,-1.51367083,1254.5,500.0,55.0,1254.5,22.0,45.0,3523.0,9.67,663.0,-3.09834681,24.869,1.31,3.45
-1.54227231,-1.54227231,2506.0,8.48,1.31,91.7,-1.51367083,661.07,91.7,1.45,1.31,-1.51367083,1714.5,500.0,139.0,1714.5,30.0,110.0,4876.0,27.2,1583.0,-5.7482858225,24.869,1.31,3.6
-1.54227231,-1.54227231,923.0,2.295,1.205,33.2,-1.51367083,127.6,33.2,1.24,1.205,-1.51367083,578.66,500.0,44.4,578.66,17.0,45.0,1363.0,8.48,688.6800000000002,-0.896188936207,24.869,2.0,4.2
-1.54227231,-1.54227231,923.0,3.2910000000000004,1.17,29.2,-1.51367083,226.335,29.2,1.17,1.17,-1.51367083,676.375,500.0,44.4,676.375,17.0,45.0,2345.0,8.48,493.25,-2.104537135,24.869,1.78,3.9
-1.54227231,-1.54227231,2739.0,8.48,1.5,288.7,-1.51367083,563.58,288.7,1.83,1.5,-1.51367083,1831.0,500.0,533.0,1831.0,210.0,320.0,4701.0,41.12,1816.0,-5.19539188,24.869,2.2,5.55
-1.54227231,-1.54227231,923.0,2.335,0.91,23.4,-1.51367083,127.6,23.4,1.17,0.91,-1.51367083,629.765,500.0,44.4,629.765,17.0,45.0,1363.0,8.48,586.47,-1.319906011665,24.869,1.31,3.45
-1.54227231,-1.54227231,1193.0,6.2,1.1749999999999998,47.2,-1.51367083,399.57,47.2,1.18,1.1749999999999998,-1.51367083,1058.0,500.0,50.0,1058.0,17.0,45.0,3737.0,8.48,270.0,-3.2349092475,24.869,1.31,3.45
-1.54227231,-1.54227231,923.0,3.0,1.075,27.2,-1.51367083,147.1,27.2,1.17,1.075,-1.51367083,688.345,500.0,44.4,688.345,17.0,45.0,1615.0,8.48,469.31,-1.70607961,24.86,1.31,3.45
-1.54227231,-1.54227231,1519.0,8.48,1.39,121.2,-1.51367083,219.74,121.2,1.61,1.39,-1.51367083,1221.0,500.0,198.0,1221.0,78.0,120.0,2334.0,12.91,596.0,-5.281418780169999,24.869,1.55,4.45
-1.54227231,-1.54227231,2896.0,8.48,1.47,183.2,-1.51367083,590.4,183.2,1.77,1.47,-1.51367083,1909.5,500.0,322.0,1909.5,20.0,230.0,4912.0,37.48,1973.0,-6.19419004,24.06,2.16,4.65
-1.54227231,-1.54227231,923.0,2.6,0.995,24.7,-1.51367083,127.6,24.7,1.17,0.995,-1.51367083,646.935,500.0,44.4,646.935,17.0,45.0,1363.0,8.48,552.13,-1.401256846665,24.869,1.31,3.45
-1.54227231,-1.54227231,2750.0,8.48,1.4049999999999998,74.2,-1.51367083,690.1,74.2,1.64,1.4049999999999998,-1.51367083,1836.5,500.0,104.0,1836.5,38.0,170.0,5017.0,30.0,1827.0,-5.81779692,24.6,1.6,4.05
-1.54227231,-1.54227231,1294.0,7.14,1.185,41.2,-1.51367083,283.68,41.2,1.2,1.185,-1.51367083,1108.5,500.0,44.4,1108.5,17.0,45.0,3373.0,8.48,371.0,-3.152311825,24.869,1.31,3.45
-1.54227231,-1.54227231,1728.0,8.48,1.46,126.2,-1.51367083,377.5,126.2,1.75,1.46,-1.51367083,1325.5,500.0,208.0,1325.5,76.0,180.0,3186.0,17.48,805.0,-3.5442984400000004,24.869,1.91,5.2
-1.54227231,-1.54227231,3306.0,8.48,1.51,297.2,-1.51367083,627.6,297.2,1.85,1.51,-1.51367083,2114.5,500.0,550.0,2114.5,222.0,45.0,5285.0,57.85,2383.0,-6.38148815,24.7,2.2,5.4
-1.54227231,-1.54227231,1828.05,8.48,1.42,85.7,-1.51367083,393.3,85.7,1.67,1.42,-1.51367083,1375.525,500.0,127.0,1375.525,44.0,180.0,3236.0,16.74,905.05,-3.3400234400000004,24.869,2.2,5.45
-1.54227231,-1.54227231,1204.0,6.89,1.185,47.2,-1.51367083,332.63,47.2,1.2,1.185,-1.51367083,1063.5,500.0,50.0,1063.5,17.0,45.0,3563.0,8.48,281.0,-3.158051135,24.869,1.31,3.45
-1.54227231,-1.54227231,2041.4,8.48,1.475,109.7,-1.51367083,510.45,109.7,1.78,1.475,-1.51367083,1482.2,500.0,175.0,1482.2,61.0,230.0,4098.0,22.175,1118.4,-3.785390995,24.869,2.28,5.65
-1.54227231,-1.54227231,3459.0,8.48,1.51,252.7,-1.51367083,707.1,252.7,1.85,1.51,-1.51367083,2191.0,500.0,461.0,2191.0,178.0,370.0,5869.0,34.08,2536.0,-6.9796500375,24.869,1.9,5.2
-1.54227231,-1.54227231,2237.0,8.48,1.465,187.2,-1.51367083,495.39,187.2,1.76,1.465,-1.51367083,1580.0,500.0,330.0,1580.0,150.0,380.0,3968.0,26.59,1314.0,-4.397958915,24.869,2.28,5.4
-1.54227231,-1.54227231,2607.0,8.48,1.5,237.2,-1.51367083,567.77,237.2,1.83,1.5,-1.51367083,1765.0,500.0,430.0,1765.0,173.0,220.0,4423.0,38.59,1684.0,-5.36845294,24.06,2.2,5.4
-1.54227231,-1.54227231,923.0,8.48,1.215,55.7,-1.51367083,127.6,55.7,1.26,1.215,-1.51367083,913.39,500.0,67.0,913.39,20.0,45.0,1860.0,19.79,19.220000000000027,-2.829817325,24.869,2.05,4.4
-1.54227231,-1.54227231,1814.0,8.48,1.22,62.2,-1.51367083,304.8,62.2,1.27,1.22,-1.51367083,1368.5,500.0,80.0,1368.5,29.0,57.0,3103.0,14.1,891.0,-3.9138927000000003,24.869,1.36,3.45
-1.54227231,-1.54227231,923.0,6.69,0.585,32.2,-1.51367083,127.6,32.2,1.17,0.585,-1.51367083,708.5,500.0,44.4,708.5,17.0,45.0,1363.0,8.48,429.0,-2.50653211,24.869,2.55,3.45
-1.54227231,-1.54227231,1687.0,8.48,1.335,103.2,-1.51367083,359.0,103.2,1.5,1.335,-1.51367083,1305.0,500.0,162.0,1305.0,17.0,100.0,3173.0,50.21,764.0,-3.4835951575,19.99,1.9,4.7
-1.54227231,-1.54227231,923.0,7.15,1.205,47.2,-1.51367083,290.37,47.2,1.24,1.205,-1.51367083,714.04,500.0,50.0,714.04,18.0,58.0,2875.0,8.48,417.92,-2.7516597000000003,24.869,1.96,4.15
-1.54227231,-1.54227231,1050.0,7.43,1.005,29.7,-1.51367083,136.9,29.7,1.17,1.005,-1.51367083,986.5,500.0,44.4,986.5,17.0,45.0,1655.0,8.48,127.0,-1.612542955,24.869,1.31,3.45
-1.54227231,-1.54227231,3290.0,8.48,1.4,113.7,-1.51367083,737.0,113.7,1.63,1.4,-1.51367083,2106.5,500.0,183.0,2106.5,69.0,200.0,5731.0,36.57,2367.0,-6.6968359249999985,24.869,1.5,4.05
-1.54227231,-1.54227231,2430.0,8.48,1.49,212.2,-1.51367083,502.0,212.2,1.81,1.49,-1.51367083,1676.5,500.0,380.0,1676.5,17.0,45.0,4538.0,33.29,1507.0,-5.9487117525,24.869,1.9,5.3
-1.54227231,-1.54227231,2023.0,8.48,1.225,58.7,-1.51367083,543.92,58.7,1.28,1.225,-1.51367083,1473.0,500.0,73.0,1473.0,31.0,54.0,5093.0,13.81,1100.0,-4.477407685,24.869,1.31,3.45
-1.54227231,-1.54227231,1941.0,8.48,1.345,77.2,-1.51367083,425.2,77.2,1.52,1.345,-1.51367083,1432.0,500.0,110.0,1432.0,44.0,110.0,3560.0,14.15,1018.0,-4.658749715,24.869,1.54,3.8
-1.54227231,-1.54227231,2183.0,8.48,1.4049999999999998,86.7,-1.51367083,446.7,86.7,1.64,1.4049999999999998,-1.51367083,1553.0,500.0,129.0,1553.0,47.0,160.0,3680.0,21.5,1260.0,-5.2407664999999986,24.869,1.63,4.25
-1.54227231,-1.54227231,3695.0,8.48,1.49,222.7,-1.51367083,422.58,222.7,1.81,1.49,-1.51367083,2309.0,500.0,401.0,2309.0,161.0,310.0,5828.0,52.31,2772.0,-7.250536465,24.27,2.36,4.8
-1.54227231,-1.54227231,1799.0,8.48,1.19,54.40000000000001,-1.51367083,393.3,54.40000000000001,1.21,1.19,-1.51367083,1361.0,500.0,64.4,1361.0,26.0,45.0,3618.0,11.39,876.0,-4.0034360425,24.869,1.31,3.45
-1.54227231,-1.54227231,923.0,7.068,1.245,69.7,-1.51367083,127.6,69.7,1.32,1.245,-1.51367083,807.8399999999998,500.0,95.0,807.8399999999998,43.0,70.0,1363.0,8.48,230.32000000000005,-1.3911361125,24.869,1.65,4.1
-1.54227231,-1.54227231,2128.0,8.48,1.29,69.2,-1.51367083,590.5,69.2,1.41,1.29,-1.51367083,1525.5,500.0,94.0,1525.5,33.0,45.0,4682.0,21.0,1205.0,-5.0441154325,24.869,1.33,3.45
-10.84610777,-10.84610777,2896.0,37.48,1.77,322.0,-10.84610777,590.4,322.0,1.77,1.77,-10.84610777,2896.0,5300.0,322.0,2896.0,20.0,230.0,4912.0,37.48,0.0,-10.84610777,24.06,2.16,4.65
-10.84610777,-10.84610777,2896.0,11.3,1.565,201.0,-10.84610777,590.4,201.0,1.77,1.565,-10.84610777,2065.465,1400.0,322.0,2065.465,30.0,230.0,4912.0,37.48,1661.07,-6.805750665,24.06,2.16,4.65
-10.84610777,-10.84610777,2896.0,11.106,1.465,178.0,-10.84610777,590.4,178.0,1.77,1.465,-10.84610777,1720.2,5300.0,322.0,1720.2,20.0,230.0,4912.0,37.48,2351.6,-7.409901084999999,24.06,2.16,4.65
-10.84610777,-10.84610777,2896.0,6.21,1.505,192.0,-10.84610777,590.4,192.0,1.77,1.505,-10.84610777,1745.11,1300.0,322.0,1745.11,20.0,230.0,4912.0,37.48,2301.78,-5.8291409975,24.06,2.16,4.65
-10.84610777,-10.84610777,2896.0,16.2,1.76,265.0,-10.84610777,590.4,265.0,1.77,1.76,-10.84610777,2332.0,2700.0,322.0,2332.0,75.0,230.0,4912.0,37.48,1128.0,-8.9632484575,24.06,2.16,5.1
-10.84610777,-10.84610777,2896.0,21.0,1.75,290.5,-10.84610777,590.4,290.5,1.77,1.75,-10.84610777,2538.0,4100.0,322.0,2538.0,115.0,230.0,4912.0,37.48,716.0,-10.175912155,23.35,2.16,4.65
-10.84610777,-10.84610777,2896.0,13.6,1.62,223.0,-10.84610777,590.4,223.0,1.77,1.62,-10.84610777,2126.885,1500.0,322.0,2126.885,48.0,230.0,4912.0,37.48,1538.23,-7.263381295,24.06,2.16,4.65
-10.84610777,-10.84610777,2896.0,13.81,1.77,266.5,-10.84610777,590.4,266.5,1.77,1.77,-10.84610777,2353.5,1400.0,322.0,2353.5,82.0,230.0,4912.0,37.48,1085.0,-9.565796065,24.06,2.16,4.93
-10.84610777,-10.84610777,2896.0,5.585,1.54,166.5,-10.84610777,590.4,166.5,1.77,1.54,-10.84610777,1599.455,1900.0,322.0,1599.455,20.0,230.0,4912.0,37.48,2593.09,-6.92918153625,24.06,2.16,4.65
-10.84610777,-10.84610777,2896.0,3.2910000000000004,1.47,168.0,-10.84610777,590.4,168.0,1.77,1.47,-10.84610777,1662.875,2000.0,322.0,1662.875,20.0,230.0,4912.0,37.48,2466.25,-6.756454865,24.06,2.16,4.65
-10.84610777,-10.84610777,2896.0,8.48,1.47,183.2,-10.84610777,590.4,183.2,1.77,1.47,-10.84610777,1909.5,500.0,322.0,1909.5,20.0,230.0,4912.0,37.48,1973.0,-6.19419004,24.06,2.16,4.65
-10.84610777,-10.84610777,2896.0,12.91,1.69,260.0,-10.84610777,590.4,260.0,1.77,1.69,-10.84610777,2207.5,1800.0,322.0,2207.5,78.0,230.0,4912.0,37.48,1377.0,-9.93333651017,24.06,2.16,4.65
-10.84610777,-10.84610777,2896.0,17.48,1.76,265.0,-10.84610777,590.4,265.0,1.77,1.76,-10.84610777,2312.0,1500.0,322.0,2312.0,76.0,230.0,4912.0,37.48,1168.0,-8.19621617,24.06,2.16,5.2
-10.84610777,-10.84610777,2896.0,16.74,1.72,224.5,-10.84610777,590.4,224.5,1.77,1.72,-10.84610777,2362.025,5300.0,322.0,2362.025,44.0,230.0,4912.0,37.48,1067.95,-7.99194117,24.06,2.2,5.45
-10.84610777,-10.84610777,2896.0,33.29,1.79,351.0,-10.84610777,590.4,351.0,1.81,1.79,-10.84610777,2663.0,5300.0,380.0,2663.0,20.0,230.0,4912.0,37.48,466.0,-10.6006294825,24.06,2.16,5.3
-10.84610777,-10.84610777,3695.0,37.48,1.79,361.5,-10.84610777,590.4,361.5,1.81,1.79,-10.84610777,3295.5,4300.0,401.0,3295.5,161.0,310.0,5828.0,52.31,799.0,-11.902454195,24.06,2.36,4.8
-10.84610777,-10.84610777,2896.0,11.39,1.49,193.2,-10.84610777,590.4,193.2,1.77,1.49,-10.84610777,2347.5,2600.0,322.0,2347.5,26.0,230.0,4912.0,37.48,1097.0,-8.6553537725,24.06,2.16,4.65
-10.84610777,-10.84610777,2896.0,7.068,1.545,208.5,-10.84610777,590.4,208.5,1.77,1.545,-10.84610777,1794.34,1900.0,322.0,1794.34,43.0,230.0,4912.0,37.48,2203.32,-6.0430538425,24.06,2.16,4.65
-10.84610777,-10.84610777,2896.0,24.44,1.605,180.5,-10.84610777,590.4,180.5,1.77,1.605,-10.84610777,1993.0,4000.0,322.0,1993.0,20.0,230.0,4912.0,37.48,1806.0,-7.7484984425,24.06,2.18,4.8
-10.84610777,-10.84610777,2896.0,36.94,1.57,218.5,-10.84610777,590.4,218.5,1.77,1.57,-10.84610777,2053.7,1900.0,322.0,2053.7,20.0,230.0,4912.0,37.48,1684.6,-7.7310736575,23.221999999999998,2.16,4.65
-10.84610777,-10.84610777,3306.0,37.48,1.81,436.0,-10.84610777,627.6,436.0,1.85,1.81,-10.84610777,3101.0,5300.0,550.0,3101.0,222.0,230.0,5285.0,57.85,410.0,-11.03340588,24.06,2.2,5.4
-10.84610777,-10.84610777,2896.0,18.54,1.71,163.5,-10.84610777,590.4,163.5,1.77,1.71,-10.84610777,1606.65,5100.0,322.0,1606.65,20.0,230.0,4912.0,37.48,2578.7,-8.12330840625,23.824,2.19,5.55
-10.84610777,-10.84610777,2896.0,4.774,1.46,171.0,-10.84610777,590.4,171.0,1.77,1.46,-10.84610777,1748.305,1800.0,322.0,1748.305,20.0,230.0,4912.0,37.48,2295.39,-7.23756869,24.06,2.33,4.65
-10.84610777,-10.84610777,2896.0,22.175,1.775,248.5,-10.84610777,590.4,248.5,1.78,1.775,-10.84610777,2468.7,5300.0,322.0,2468.7,61.0,230.0,4912.0,37.48,854.5999999999998,-8.437308725,24.06,2.28,5.65
-10.84610777,-10.84610777,2896.0,37.48,1.8,376.0,-10.84610777,590.4,376.0,1.83,1.8,-10.84610777,2751.5,5300.0,430.0,2751.5,173.0,230.0,4912.0,38.59,289.0,-10.02037067,24.06,2.2,5.4
-10.84610777,-10.84610777,2896.0,19.79,1.515,194.5,-10.84610777,590.4,194.5,1.77,1.515,-10.84610777,1899.89,3400.0,322.0,1899.89,20.0,230.0,4912.0,37.48,1992.22,-7.481735055,24.06,2.16,4.65
-10.84610777,-10.84610777,2896.0,14.1,1.52,201.0,-10.84610777,590.4,201.0,1.77,1.52,-10.84610777,2355.0,4500.0,322.0,2355.0,29.0,230.0,4912.0,37.48,1082.0,-8.565810429999999,24.06,2.16,4.65
-10.84610777,-10.84610777,2896.0,37.48,1.635,242.0,-10.84610777,590.4,242.0,1.77,1.635,-10.84610777,2291.5,1000.0,322.0,2291.5,20.0,230.0,4912.0,50.21,1209.0,-8.1355128875,19.99,2.16,4.7
-10.84610777,-10.84610777,2896.0,7.15,1.505,186.0,-10.84610777,590.4,186.0,1.77,1.505,-10.84610777,1700.54,1600.0,322.0,1700.54,20.0,230.0,4912.0,37.48,2390.92,-7.40357743,24.06,2.16,4.65
-10.84610777,-10.84610777,2896.0,14.15,1.645,216.0,-10.84610777,590.4,216.0,1.77,1.645,-10.84610777,2418.5,1600.0,322.0,2418.5,44.0,230.0,4912.0,37.48,955.0,-9.310667445,24.06,2.16,4.65
-10.84610777,-10.84610777,2896.0,4.1419999999999995,1.445,167.0,-10.84610777,590.4,167.0,1.77,1.445,-10.84610777,1736.5,5300.0,322.0,1736.5,20.0,230.0,4912.0,37.48,2319.0,-6.55939265,24.06,2.16,4.65
-10.84610777,-10.84610777,2896.0,21.0,1.59,208.0,-10.84610777,590.5,208.0,1.77,1.59,-10.84610777,2512.0,2600.0,322.0,2512.0,33.0,230.0,4912.0,37.48,768.0,-9.6960331625,24.06,2.16,4.65
-5.54632457,-5.54632457,1728.0,17.48,1.75,208.0,-5.43913904,377.5,208.0,1.75,1.75,-5.43913904,1728.0,1500.0,208.0,1728.0,76.0,180.0,3186.0,17.48,0.0,-5.54632457,26.07,1.91,5.2
-5.54632457,-5.54632457,1728.0,11.3,1.5550000000000002,144.0,-5.43913904,377.5,144.0,1.75,1.5550000000000002,-5.43913904,1481.465,1400.0,208.0,1481.465,76.0,180.0,3186.0,17.48,493.07,-4.1558590650000005,25.35,1.93,5.2
-5.54632457,-5.54632457,1728.0,10.71,1.5699999999999998,139.25,-5.43913904,377.5,139.25,1.75,1.5699999999999998,-5.43913904,1330.735,1000.0,208.0,1330.735,76.0,180.0,3186.0,17.48,794.53,-4.6458738450000014,24.2,1.91,5.2
-5.54632457,-5.54632457,1728.0,12.55,1.66,143.15,-5.43913904,377.5,143.15,1.75,1.66,-5.43913904,1532.665,1000.0,208.0,1532.665,76.0,220.0,3186.0,17.48,390.67000000000013,-4.37800859,25.418000000000003,2.54,5.2
-5.54632457,-5.54632457,1728.0,11.106,1.455,121.0,-5.43913904,377.5,121.0,1.75,1.455,-5.43913904,1136.2,1500.0,208.0,1136.2,76.0,180.0,3186.0,17.48,1183.6,-4.760009485,25.52,2.02,5.2
-5.54632457,-5.54632457,1728.0,6.21,1.495,135.0,-5.43913904,377.5,135.0,1.75,1.495,-5.43913904,1161.11,1300.0,208.0,1161.11,76.0,180.0,3186.0,17.48,1133.78,-3.1792493975,26.02,1.91,5.2
-5.54632457,-5.54632457,1768.0,16.2,1.75,208.0,-5.43913904,377.5,208.0,1.75,1.75,-5.43913904,1748.0,1500.0,208.0,1748.0,76.0,180.0,3200.0,17.48,40.0,-6.3133568575000005,24.81,1.91,5.2
-5.54632457,-5.54632457,2180.0,17.48,1.74,233.5,-5.43913904,377.5,233.5,1.75,1.74,-5.43913904,1954.0,1500.0,259.0,1954.0,115.0,180.0,3186.0,21.0,452.0,-7.526020555,23.35,1.91,5.2
-5.54632457,-5.54632457,1728.0,13.6,1.61,166.0,-5.43913904,377.5,166.0,1.75,1.61,-5.43913904,1542.885,1500.0,208.0,1542.885,76.0,180.0,3200.0,17.48,370.23,-4.613489695,24.44,1.91,5.2
-5.54632457,-5.54632457,1811.0,13.81,1.76,209.5,-5.43913904,377.5,209.5,1.77,1.76,-5.43913904,1769.5,1400.0,211.0,1769.5,82.0,180.0,3186.0,17.48,83.0,-6.9159044650000014,25.1,1.91,5.2
-5.54632457,-5.54632457,1728.0,5.585,1.53,109.5,-5.43913904,377.5,109.5,1.75,1.53,-5.43913904,1015.455,1500.0,208.0,1015.455,76.0,180.0,3186.0,17.48,1425.09,-4.2792899362500005,26.03,1.91,5.2
-5.54632457,-5.54632457,1728.0,17.48,1.56,161.5,-5.43913904,377.5,161.5,1.75,1.56,-5.43913904,1469.7,1500.0,208.0,1469.7,76.0,180.0,3186.0,36.94,516.5999999999998,-5.0811820575,23.221999999999998,2.01,5.2
-5.54632457,-5.54632457,2506.0,17.48,1.6,173.5,-5.43913904,661.07,173.5,1.75,1.6,-5.43913904,2117.0,1500.0,208.0,2117.0,76.0,180.0,4876.0,27.2,778.0,-7.7503119525000015,25.73,1.91,5.2
-5.54632457,-5.54632457,1728.0,2.295,1.495,115.0,-5.43913904,377.5,115.0,1.75,1.495,-5.43913904,981.16,1500.0,208.0,981.16,76.0,180.0,3186.0,17.48,1493.68,-2.8982150662070003,26.07,2.0,5.2
-5.54632457,-5.54632457,1728.0,3.2910000000000004,1.46,111.0,-5.43913904,377.5,111.0,1.75,1.46,-5.43913904,1078.875,1500.0,208.0,1078.875,76.0,180.0,3186.0,17.48,1298.25,-4.106563265,26.07,1.91,5.2
-5.54632457,-5.54632457,2739.0,17.48,1.79,370.5,-5.43913904,563.58,370.5,1.83,1.79,-5.43913904,2233.5,1500.0,533.0,2233.5,210.0,320.0,4701.0,41.12,1011.0,-7.19741801,25.1,2.2,5.55
-5.54632457,-5.54632457,1728.0,8.48,1.46,126.2,-5.43913904,377.5,126.2,1.75,1.46,-5.43913904,1325.5,500.0,208.0,1325.5,76.0,180.0,3186.0,17.48,805.0,-3.5442984400000004,24.869,1.91,5.2
-5.54632457,-5.54632457,1728.0,12.91,1.6800000000000002,203.0,-5.43913904,377.5,203.0,1.75,1.6800000000000002,-5.43913904,1623.5,1500.0,208.0,1623.5,78.0,180.0,3186.0,17.48,209.0,-7.283444910170001,26.07,1.91,5.2
-5.54632457,-5.54632457,2896.0,17.48,1.76,265.0,-5.43913904,590.4,265.0,1.77,1.76,-5.43913904,2312.0,1500.0,322.0,2312.0,76.0,230.0,4912.0,37.48,1168.0,-8.19621617,24.06,2.16,5.2
-5.54632457,-5.54632457,2750.0,17.48,1.6949999999999998,156.0,-5.43913904,690.1,156.0,1.75,1.6949999999999998,-5.43913904,2239.0,1500.0,208.0,2239.0,76.0,180.0,5017.0,30.0,1022.0,-7.81982305,24.6,1.91,5.2
-5.54632457,-5.54632457,3306.0,17.48,1.8,379.0,-5.43913904,627.6,379.0,1.85,1.8,-5.43913904,2517.0,1500.0,550.0,2517.0,222.0,180.0,5285.0,57.85,1578.0,-8.38351428,24.7,2.2,5.4
-5.54632457,-5.54632457,1728.0,4.774,1.45,114.0,-5.43913904,377.5,114.0,1.75,1.45,-5.43913904,1164.305,1500.0,208.0,1164.305,76.0,180.0,3186.0,17.48,1127.39,-4.58767709,24.7,2.33,5.2
-5.54632457,-5.54632457,1828.05,16.74,1.71,167.5,-5.43913904,393.3,167.5,1.75,1.71,-5.43913904,1778.025,1500.0,208.0,1778.025,76.0,180.0,3236.0,17.48,100.04999999999997,-5.34204957,25.98,2.2,5.45
-5.54632457,-5.54632457,2041.4,17.48,1.765,191.5,-5.43913904,510.45,191.5,1.78,1.765,-5.43913904,1884.7,1500.0,208.0,1884.7,76.0,230.0,4098.0,22.175,313.4000000000001,-5.787417125,25.86,2.28,5.65
-5.54632457,-5.54632457,3459.0,17.48,1.8,334.5,-5.43913904,707.1,334.5,1.85,1.8,-5.43913904,2593.5,1500.0,461.0,2593.5,178.0,370.0,5869.0,34.08,1731.0,-8.9816761675,25.48,1.91,5.2
-5.54632457,-5.54632457,2237.0,17.48,1.755,269.0,-5.43913904,495.39,269.0,1.76,1.755,-5.43913904,1982.5,1500.0,330.0,1982.5,150.0,380.0,3968.0,26.59,509.0,-6.399985045,24.98,2.28,5.4
-5.54632457,-5.54632457,2607.0,17.48,1.79,319.0,-5.43913904,567.77,319.0,1.83,1.79,-5.43913904,2167.5,1500.0,430.0,2167.5,173.0,220.0,4423.0,38.59,879.0,-7.37047907,24.06,2.2,5.4
-5.54632457,-5.54632457,1728.0,1.7209999999999999,0.875,113.5,-5.43913904,377.5,113.5,1.75,0.875,-5.43913904,1058.18,1000.0,208.0,1058.18,76.0,180.0,3186.0,17.48,1339.64,-4.821770644375,22.7,2.58,5.2
-5.54632457,-5.54632457,1728.0,17.48,1.505,137.5,-5.43913904,377.5,137.5,1.75,1.505,-5.43913904,1315.89,1500.0,208.0,1315.89,76.0,180.0,3186.0,19.79,824.22,-4.831843455,25.23,2.05,5.2
-5.54632457,-5.54632457,1814.0,14.1,1.51,144.0,-5.43913904,377.5,144.0,1.75,1.51,-5.43913904,1771.0,1500.0,208.0,1771.0,76.0,180.0,3186.0,17.48,86.0,-5.915918830000002,25.52,1.91,5.2
-5.54632457,-5.54632457,1728.0,17.48,1.625,185.0,-5.43913904,377.5,185.0,1.75,1.625,-5.43913904,1707.5,1000.0,208.0,1707.5,76.0,180.0,3186.0,50.21,41.0,-5.485621287500001,19.99,1.91,5.2
-5.54632457,-5.54632457,1728.0,7.15,1.495,129.0,-5.43913904,377.5,129.0,1.75,1.495,-5.43913904,1116.54,1500.0,208.0,1116.54,76.0,180.0,3186.0,17.48,1222.92,-4.75368583,26.07,1.96,5.2
-5.54632457,-5.54632457,3290.0,17.48,1.69,195.5,-5.43913904,737.0,195.5,1.75,1.69,-5.43913904,2509.0,1500.0,208.0,2509.0,76.0,200.0,5731.0,36.57,1562.0,-8.698862055,25.36,1.91,5.2
-5.54632457,-5.54632457,2430.0,17.48,1.78,294.0,-5.43913904,502.0,294.0,1.81,1.78,-5.43913904,2079.0,1500.0,380.0,2079.0,76.0,180.0,4538.0,33.29,702.0,-7.9507378825,26.07,1.91,5.3
-5.54632457,-5.54632457,1941.0,14.15,1.635,159.0,-5.43913904,425.2,159.0,1.75,1.635,-5.43913904,1834.5,1500.0,208.0,1834.5,76.0,180.0,3560.0,17.48,213.0,-6.660775845,25.06,1.91,5.2
-5.54632457,-5.54632457,1728.0,4.1419999999999995,1.435,110.0,-5.43913904,377.5,110.0,1.75,1.435,-5.43913904,1152.5,1500.0,208.0,1152.5,76.0,180.0,3186.0,17.48,1151.0,-3.90950105,26.07,1.91,5.2
-5.54632457,-5.54632457,2183.0,17.48,1.6949999999999998,168.5,-5.43913904,446.7,168.5,1.75,1.6949999999999998,-5.43913904,1955.5,1500.0,208.0,1955.5,76.0,180.0,3680.0,21.5,455.0,-7.24279263,24.89,1.91,5.2
-5.54632457,-5.54632457,3695.0,17.48,1.78,304.5,-5.43913904,422.58,304.5,1.81,1.78,-5.43913904,2711.5,1500.0,401.0,2711.5,161.0,310.0,5828.0,52.31,1967.0,-9.252562595,24.27,2.36,5.2
-5.54632457,-5.54632457,1728.0,7.068,1.535,151.5,-5.43913904,377.5,151.5,1.75,1.535,-5.43913904,1210.34,1500.0,208.0,1210.34,76.0,180.0,3186.0,17.48,1035.3200000000004,-3.3931622425000003,25.39,1.91,5.2
-5.54632457,-5.54632457,2128.0,17.48,1.58,151.0,-5.43913904,590.5,151.0,1.75,1.58,-5.43913904,1928.0,1500.0,208.0,1928.0,76.0,180.0,4682.0,21.0,400.0,-7.046141562500001,25.36,1.91,5.2
-3.62902961,-3.62902961,600.61,4.774,1.15,20.0,-3.58277457,177.9,20.0,1.15,1.15,-3.58277457,600.61,1800.0,20.0,600.61,5.6,46.0,2022.0,4.774,0.0,-3.62902961,24.7,2.33,4.1
-3.62902961,-3.62902961,1234.93,4.774,1.255,50.0,-3.58277457,250.63,50.0,1.36,1.255,-3.58277457,917.77,1400.0,80.0,917.77,30.0,100.0,2435.0,11.3,634.32,-3.197211585,24.7,2.33,4.35
-3.62902961,-3.62902961,600.61,4.774,1.1949999999999998,41.0,-3.58277457,177.9,41.0,1.24,1.1949999999999998,-3.58277457,597.415,1300.0,62.0,597.415,19.0,46.0,2022.0,6.21,6.389999999999987,-2.2206019175,24.7,2.33,4.1
-3.62902961,-3.62902961,2896.0,4.774,1.46,171.0,-3.58277457,590.4,171.0,1.77,1.46,-3.58277457,1748.305,1800.0,322.0,1748.305,20.0,230.0,4912.0,37.48,2295.39,-7.23756869,24.06,2.33,4.65
-3.62902961,-3.62902961,2750.0,4.774,1.395,62.0,-3.58277457,690.1,62.0,1.64,1.395,-3.58277457,1675.305,1800.0,104.0,1675.305,38.0,170.0,5017.0,30.0,2149.39,-6.86117557,24.6,2.33,4.1
-3.62902961,-3.62902961,1828.05,4.774,1.41,73.5,-3.58277457,393.3,73.5,1.67,1.41,-3.58277457,1214.33,1800.0,127.0,1214.33,44.0,180.0,3236.0,16.74,1227.44,-4.3834020900000015,24.7,2.33,5.45
-3.62902961,-3.62902961,1799.0,4.774,1.18,42.2,-3.58277457,393.3,42.2,1.21,1.18,-3.58277457,1199.805,1800.0,64.4,1199.805,26.0,46.0,3618.0,11.39,1198.39,-5.0468146925,24.7,2.33,4.1
-3.62902961,-3.62902961,2128.0,4.774,1.2799999999999998,57.0,-3.58277457,590.5,57.0,1.41,1.2799999999999998,-3.58277457,1364.305,1800.0,94.0,1364.305,33.0,46.0,4682.0,21.0,1527.39,-6.0874940825,24.7,2.33,4.1
-5.13777457,-5.13777457,1828.05,16.74,1.67,127.0,-5.0910129,393.3,127.0,1.67,1.67,-5.0910129,1828.05,8000.0,127.0,1828.05,44.0,180.0,3236.0,16.74,0.0,-5.13777457,25.98,2.2,5.45
-5.13777457,-5.13777457,1828.05,11.3,1.515,103.5,-5.0910129,393.3,103.5,1.67,1.515,-5.0910129,1531.49,1400.0,127.0,1531.49,44.0,180.0,3236.0,16.74,593.1199999999999,-3.951584065000001,25.35,2.2,5.45
-5.13777457,-5.13777457,1828.05,12.55,1.62,102.65,-5.0910129,393.3,102.65,1.67,1.62,-5.0910129,1582.69,1000.0,127.0,1582.69,44.0,220.0,3236.0,16.74,490.72,-4.17373359,25.418000000000003,2.54,5.45
-5.13777457,-5.13777457,1828.05,6.21,1.455,94.5,-5.0910129,393.3,94.5,1.67,1.455,-5.0910129,1211.135,1300.0,127.0,1211.135,44.0,180.0,3236.0,16.74,1233.83,-2.9749743975,25.98,2.2,5.45
-5.13777457,-5.13777457,1828.05,16.2,1.71,167.5,-5.0910129,393.3,167.5,1.75,1.71,-5.0910129,1798.025,2700.0,208.0,1798.025,75.0,180.0,3236.0,16.74,60.04999999999996,-6.1090818575,24.81,2.2,5.45
-5.13777457,-5.13777457,2180.0,16.74,1.7,193.0,-5.0910129,393.3,193.0,1.73,1.7,-5.0910129,2004.025,4100.0,259.0,2004.025,115.0,180.0,3236.0,21.0,351.9500000000001,-7.321745555,23.35,2.2,5.45
-5.13777457,-5.13777457,1828.05,13.6,1.5699999999999998,125.5,-5.0910129,393.3,125.5,1.67,1.5699999999999998,-5.0910129,1592.91,1500.0,127.0,1592.91,48.0,180.0,3236.0,16.74,470.28,-4.409214695,24.44,2.2,5.45
-5.13777457,-5.13777457,1828.05,13.81,1.72,169.0,-5.0910129,393.3,169.0,1.77,1.72,-5.0910129,1819.525,1400.0,211.0,1819.525,82.0,180.0,3236.0,16.74,17.049999999999955,-6.711629465,25.1,2.2,5.45
-5.13777457,-5.13777457,2506.0,16.74,1.56,133.0,-5.0910129,661.07,133.0,1.67,1.56,-5.0910129,2167.025,2600.0,139.0,2167.025,44.0,180.0,4876.0,27.2,677.95,-7.5460369525,25.73,2.2,5.45
-5.13777457,-5.13777457,1828.05,2.295,1.455,74.5,-5.0910129,393.3,74.5,1.67,1.455,-5.0910129,1031.185,3100.0,127.0,1031.185,44.0,180.0,3236.0,16.74,1593.73,-2.6939400662070003,25.98,2.2,5.45
-5.13777457,-5.13777457,2739.0,16.74,1.75,330.0,-5.0910129,563.58,330.0,1.83,1.75,-5.0910129,2283.525,8000.0,533.0,2283.525,210.0,320.0,4701.0,41.12,910.95,-6.993143010000002,25.1,2.2,5.55
-5.13777457,-5.13777457,1828.05,6.2,1.4249999999999998,88.5,-5.0910129,399.57,88.5,1.67,1.4249999999999998,-5.0910129,1510.525,3100.0,127.0,1510.525,44.0,180.0,3737.0,16.74,635.05,-5.0326603775,25.98,2.2,5.45
-5.13777457,-5.13777457,1828.05,12.91,1.64,162.5,-5.0910129,393.3,162.5,1.67,1.64,-5.0910129,1673.525,1800.0,198.0,1673.525,78.0,180.0,3236.0,16.74,309.0499999999999,-7.079169910169999,25.98,2.2,5.45
-5.13777457,-5.13777457,2896.0,16.74,1.72,224.5,-5.0910129,590.4,224.5,1.77,1.72,-5.0910129,2362.025,5300.0,322.0,2362.025,44.0,230.0,4912.0,37.48,1067.95,-7.99194117,24.06,2.2,5.45
-5.13777457,-5.13777457,2750.0,16.74,1.6549999999999998,115.5,-5.0910129,690.1,115.5,1.67,1.6549999999999998,-5.0910129,2289.025,8000.0,127.0,2289.025,44.0,180.0,5017.0,30.0,921.95,-7.615548050000001,24.6,2.2,5.45
-5.13777457,-5.13777457,1828.05,16.74,1.71,167.5,-5.0910129,393.3,167.5,1.75,1.71,-5.0910129,1778.025,1500.0,208.0,1778.025,76.0,180.0,3236.0,17.48,100.04999999999997,-5.34204957,25.98,2.2,5.45
-5.13777457,-5.13777457,3306.0,16.74,1.76,338.5,-5.0910129,627.6,338.5,1.85,1.76,-5.0910129,2567.025,8000.0,550.0,2567.025,222.0,180.0,5285.0,57.85,1477.95,-8.179239280000001,24.7,2.2,5.45
-5.13777457,-5.13777457,2041.4,16.74,1.725,151.0,-5.0910129,510.45,151.0,1.78,1.725,-5.0910129,1934.725,8000.0,175.0,1934.725,61.0,230.0,4098.0,22.175,213.3500000000001,-5.583142125,25.86,2.28,5.65
-5.13777457,-5.13777457,3459.0,16.74,1.76,294.0,-5.0910129,707.1,294.0,1.85,1.76,-5.0910129,2643.525,3300.0,461.0,2643.525,178.0,370.0,5869.0,34.08,1630.95,-8.7774011675,25.48,2.2,5.45
-5.13777457,-5.13777457,2237.0,16.74,1.715,228.5,-5.0910129,495.39,228.5,1.76,1.715,-5.0910129,2032.525,8000.0,330.0,2032.525,150.0,380.0,3968.0,26.59,408.9500000000001,-6.195710045,24.98,2.28,5.45
-5.13777457,-5.13777457,2607.0,16.74,1.75,278.5,-5.0910129,567.77,278.5,1.83,1.75,-5.0910129,2217.525,8000.0,430.0,2217.525,173.0,220.0,4423.0,38.59,778.95,-7.166204070000001,24.06,2.2,5.45
-5.13777457,-5.13777457,1828.05,14.1,1.47,103.5,-5.0910129,393.3,103.5,1.67,1.47,-5.0910129,1821.025,4500.0,127.0,1821.025,44.0,180.0,3236.0,16.74,14.049999999999955,-5.71164383,25.52,2.2,5.45
-5.13777457,-5.13777457,3290.0,16.74,1.65,155.0,-5.0910129,737.0,155.0,1.67,1.65,-5.0910129,2559.025,4800.0,183.0,2559.025,69.0,200.0,5731.0,36.57,1461.95,-8.494587055,25.36,2.2,5.45
-5.13777457,-5.13777457,2430.0,16.74,1.74,253.5,-5.0910129,502.0,253.5,1.81,1.74,-5.0910129,2129.025,8000.0,380.0,2129.025,44.0,180.0,4538.0,33.29,601.95,-7.746462882499999,25.98,2.2,5.45
-5.13777457,-5.13777457,1941.0,14.15,1.595,118.5,-5.0910129,425.2,118.5,1.67,1.595,-5.0910129,1884.525,1600.0,127.0,1884.525,44.0,180.0,3560.0,16.74,112.95000000000003,-6.456500845000001,25.06,2.2,5.45
-5.13777457,-5.13777457,2183.0,16.74,1.6549999999999998,128.0,-5.0910129,446.7,128.0,1.67,1.6549999999999998,-5.0910129,2005.525,3400.0,129.0,2005.525,47.0,180.0,3680.0,21.5,354.9500000000001,-7.0385176299999985,24.89,2.2,5.45
-5.13777457,-5.13777457,3695.0,16.74,1.74,264.0,-5.0910129,422.58,264.0,1.81,1.74,-5.0910129,2761.525,4300.0,401.0,2761.525,161.0,310.0,5828.0,52.31,1866.95,-9.048287595,24.27,2.36,5.45
-5.13777457,-5.13777457,1828.05,11.39,1.44,95.7,-5.0910129,393.3,95.7,1.67,1.44,-5.0910129,1813.525,2600.0,127.0,1813.525,44.0,180.0,3618.0,16.74,29.04999999999995,-5.8011871725000015,25.98,2.2,5.45
-5.13777457,-5.13777457,1828.05,7.068,1.495,111.0,-5.0910129,393.3,111.0,1.67,1.495,-5.0910129,1260.365,1900.0,127.0,1260.365,44.0,180.0,3236.0,16.74,1135.37,-3.1888872425000003,25.39,2.2,5.45
-5.13777457,-5.13777457,2128.0,16.74,1.54,110.5,-5.0910129,590.5,110.5,1.67,1.54,-5.0910129,1978.025,2600.0,127.0,1978.025,44.0,180.0,4682.0,21.0,299.9500000000001,-6.8418665625,25.36,2.2,5.45
-6.02850968,-6.02850968,2041.4,22.175,1.78,175.0,-5.92513799,510.45,175.0,1.78,1.78,-5.92513799,2041.4,9100.0,175.0,2041.4,61.0,230.0,4098.0,22.175,0.0,-6.02850968,25.86,2.28,5.65
-6.02850968,-6.02850968,2041.4,11.3,1.57,127.5,-5.92513799,510.45,127.5,1.78,1.57,-5.92513799,1638.165,1400.0,175.0,1638.165,61.0,230.0,4098.0,22.175,806.47,-4.39695162,25.35,2.28,5.65
-6.02850968,-6.02850968,2041.4,12.55,1.675,126.65,-5.92513799,510.45,126.65,1.78,1.675,-5.92513799,1689.365,1000.0,175.0,1689.365,61.0,230.0,4098.0,22.175,704.0700000000003,-4.619101145,25.418000000000003,2.54,5.65
-6.02850968,-6.02850968,2041.4,6.21,1.51,118.5,-5.92513799,510.45,118.5,1.78,1.51,-5.92513799,1317.81,1300.0,175.0,1317.81,61.0,230.0,4098.0,22.175,1447.18,-3.4203419525,25.86,2.28,5.65
-6.02850968,-6.02850968,2041.4,16.2,1.765,191.5,-5.92513799,510.45,191.5,1.78,1.765,-5.92513799,1904.7,2700.0,208.0,1904.7,75.0,230.0,4098.0,22.175,273.4000000000001,-6.5544494125,24.81,2.28,5.65
-6.02850968,-6.02850968,2180.0,21.0,1.755,217.0,-5.92513799,510.45,217.0,1.78,1.755,-5.92513799,2110.7,4100.0,259.0,2110.7,115.0,230.0,4098.0,22.175,138.5999999999999,-7.76711311,23.35,2.28,5.65
-6.02850968,-6.02850968,2041.4,13.6,1.625,149.5,-5.92513799,510.45,149.5,1.78,1.625,-5.92513799,1699.585,1500.0,175.0,1699.585,61.0,230.0,4098.0,22.175,683.6300000000001,-4.85458225,24.44,2.28,5.65
-6.02850968,-6.02850968,2041.4,13.81,1.775,193.0,-5.92513799,510.45,193.0,1.78,1.775,-5.92513799,1926.2,1400.0,211.0,1926.2,82.0,230.0,4098.0,22.175,230.40000000000006,-7.15699702,25.1,2.28,5.65
-6.02850968,-6.02850968,2506.0,22.175,1.615,157.0,-5.92513799,661.07,157.0,1.78,1.615,-5.92513799,2273.7,2600.0,175.0,2273.7,61.0,230.0,4876.0,27.2,464.59999999999985,-7.9914045075,25.73,2.28,5.65
-6.02850968,-6.02850968,2041.4,2.295,1.51,98.5,-5.92513799,510.45,98.5,1.78,1.51,-5.92513799,1137.86,3100.0,175.0,1137.86,61.0,230.0,4098.0,22.175,1807.08,-3.139307621207,25.86,2.28,5.65
-6.02850968,-6.02850968,2739.0,22.175,1.805,354.0,-5.92513799,563.58,354.0,1.83,1.805,-5.92513799,2390.2,9100.0,533.0,2390.2,210.0,320.0,4701.0,41.12,697.5999999999998,-7.438510565,25.1,2.28,5.65
-6.02850968,-6.02850968,2041.4,6.2,1.48,112.5,-5.92513799,510.45,112.5,1.78,1.48,-5.92513799,1617.2,3100.0,175.0,1617.2,61.0,230.0,4098.0,22.175,848.4000000000002,-5.4780279325,25.86,2.28,5.65
-6.02850968,-6.02850968,2041.4,12.91,1.695,186.5,-5.92513799,510.45,186.5,1.78,1.695,-5.92513799,1780.2,1800.0,198.0,1780.2,78.0,230.0,4098.0,22.175,522.4000000000002,-7.524537465170001,25.86,2.28,5.65
-6.02850968,-6.02850968,2896.0,22.175,1.775,248.5,-5.92513799,590.4,248.5,1.78,1.775,-5.92513799,2468.7,5300.0,322.0,2468.7,61.0,230.0,4912.0,37.48,854.5999999999998,-8.437308725,24.06,2.28,5.65
-6.02850968,-6.02850968,2750.0,22.175,1.71,139.5,-5.92513799,690.1,139.5,1.78,1.71,-5.92513799,2395.7,8800.0,175.0,2395.7,61.0,230.0,5017.0,30.0,708.5999999999998,-8.060915605,24.6,2.28,5.65
-6.02850968,-6.02850968,2041.4,17.48,1.765,191.5,-5.92513799,510.45,191.5,1.78,1.765,-5.92513799,1884.7,1500.0,208.0,1884.7,76.0,230.0,4098.0,22.175,313.4000000000001,-5.787417125,25.86,2.28,5.65
-6.02850968,-6.02850968,3306.0,22.175,1.815,362.5,-5.92513799,627.6,362.5,1.85,1.815,-5.92513799,2673.7,9100.0,550.0,2673.7,222.0,230.0,5285.0,57.85,1264.6,-8.624606835,24.7,2.28,5.65
-6.02850968,-6.02850968,2041.4,16.74,1.725,151.0,-5.92513799,510.45,151.0,1.78,1.725,-5.92513799,1934.725,8000.0,175.0,1934.725,61.0,230.0,4098.0,22.175,213.3500000000001,-5.583142125,25.86,2.28,5.65
-6.02850968,-6.02850968,3459.0,22.175,1.815,318.0,-5.92513799,707.1,318.0,1.85,1.815,-5.92513799,2750.2,3300.0,461.0,2750.2,178.0,370.0,5869.0,34.08,1417.6,-9.2227687225,25.48,2.28,5.65
-6.02850968,-6.02850968,2237.0,22.175,1.77,252.5,-5.92513799,510.45,252.5,1.78,1.77,-5.92513799,2139.2,8000.0,330.0,2139.2,150.0,380.0,4098.0,26.59,195.59999999999994,-6.6410776,24.98,2.28,5.65
-6.02850968,-6.02850968,2607.0,22.175,1.805,302.5,-5.92513799,567.77,302.5,1.83,1.805,-5.92513799,2324.2,8000.0,430.0,2324.2,173.0,230.0,4423.0,38.59,565.5999999999998,-7.611571625,24.06,2.28,5.65
-6.02850968,-6.02850968,2041.4,14.1,1.525,127.5,-5.92513799,510.45,127.5,1.78,1.525,-5.92513799,1927.7,4500.0,175.0,1927.7,61.0,230.0,4098.0,22.175,227.40000000000006,-6.1570113850000014,25.52,2.28,5.65
-6.02850968,-6.02850968,3290.0,22.175,1.705,179.0,-5.92513799,737.0,179.0,1.78,1.705,-5.92513799,2665.7,4800.0,183.0,2665.7,69.0,230.0,5731.0,36.57,1248.6,-8.93995461,25.36,2.28,5.65
-6.02850968,-6.02850968,2430.0,22.175,1.795,277.5,-5.92513799,510.45,277.5,1.81,1.795,-5.92513799,2235.7,9100.0,380.0,2235.7,61.0,230.0,4538.0,33.29,388.59999999999985,-8.1918304375,25.86,2.28,5.65
-6.02850968,-6.02850968,2041.4,14.15,1.65,142.5,-5.92513799,510.45,142.5,1.78,1.65,-5.92513799,1991.2,1600.0,175.0,1991.2,61.0,230.0,4098.0,22.175,100.40000000000008,-6.901868400000001,25.06,2.28,5.65
-6.02850968,-6.02850968,2183.0,21.5,1.71,152.0,-5.92513799,510.45,152.0,1.78,1.71,-5.92513799,2112.2,3400.0,175.0,2112.2,61.0,230.0,4098.0,22.175,141.5999999999999,-7.483885185,24.89,2.28,5.65
-6.02850968,-6.02850968,3695.0,22.175,1.795,288.0,-5.92513799,510.45,288.0,1.81,1.795,-5.92513799,2868.2,4300.0,401.0,2868.2,161.0,310.0,5828.0,52.31,1653.6,-9.49365515,24.27,2.36,5.65
-6.02850968,-6.02850968,2041.4,11.39,1.495,119.7,-5.92513799,510.45,119.7,1.78,1.495,-5.92513799,1920.2,2600.0,175.0,1920.2,61.0,230.0,4098.0,22.175,242.40000000000006,-6.2465547275,25.86,2.28,5.65
-6.02850968,-6.02850968,2041.4,7.068,1.55,135.0,-5.92513799,510.45,135.0,1.78,1.55,-5.92513799,1367.04,1900.0,175.0,1367.04,61.0,230.0,4098.0,22.175,1348.7200000000005,-3.6342547975,25.39,2.28,5.65
-6.02850968,-6.02850968,2128.0,21.0,1.595,134.5,-5.92513799,590.5,134.5,1.78,1.595,-5.92513799,2084.7,2600.0,175.0,2084.7,61.0,230.0,4682.0,22.175,86.59999999999991,-7.2872341175000015,25.36,2.28,5.65
-12.95880062,-12.95880062,3695.0,52.31,1.81,401.0,-12.95880062,422.58,401.0,1.81,1.81,-12.95880062,3695.0,4300.0,401.0,3695.0,161.0,310.0,5828.0,52.31,0.0,-12.95880062,24.27,2.36,4.8
-12.95880062,-12.95880062,3695.0,11.3,1.585,240.5,-12.95880062,422.58,240.5,1.81,1.585,-12.95880062,2464.965,1400.0,401.0,2464.965,161.0,310.0,5828.0,52.31,2460.07,-7.86209709,24.27,2.36,4.8
-12.95880062,-12.95880062,3695.0,10.71,1.6,235.75,-12.95880062,422.58,235.75,1.81,1.6,-12.95880062,2314.235,1000.0,401.0,2314.235,161.0,310.0,5828.0,52.31,2761.53,-8.35211187,24.2,2.36,4.8
-12.95880062,-12.95880062,3695.0,24.44,1.625,220.0,-12.95880062,422.58,220.0,1.81,1.625,-12.95880062,2392.5,4000.0,401.0,2392.5,161.0,310.0,5828.0,52.31,2605.0,-8.8048448675,24.27,2.36,4.8
-12.95880062,-12.95880062,3695.0,12.55,1.69,239.65,-12.95880062,422.58,239.65,1.81,1.69,-12.95880062,2516.165,1000.0,401.0,2516.165,161.0,310.0,5828.0,52.31,2357.67,-8.084246615,24.27,2.54,5.15
-12.95880062,-12.95880062,3695.0,8.54,1.36,211.0,-12.95880062,422.58,211.0,1.81,1.36,-12.95880062,2405.0,1500.0,401.0,2405.0,161.0,310.0,5828.0,52.31,2580.0,-7.4535650925,24.27,2.36,4.8
-12.95880062,-12.95880062,3695.0,6.21,1.525,231.5,-12.95880062,422.58,231.5,1.81,1.525,-12.95880062,2144.61,1300.0,401.0,2144.61,161.0,310.0,5828.0,52.31,3100.78,-6.8854874225,24.27,2.36,4.8
-12.95880062,-12.95880062,3695.0,16.2,1.78,304.5,-12.95880062,422.58,304.5,1.81,1.78,-12.95880062,2731.5,2700.0,401.0,2731.5,161.0,310.0,5828.0,52.31,1927.0,-10.0195948825,24.27,2.36,5.1
-12.95880062,-12.95880062,3695.0,21.0,1.77,330.0,-12.95880062,422.58,330.0,1.81,1.77,-12.95880062,2937.5,4100.0,401.0,2937.5,161.0,310.0,5828.0,52.31,1515.0,-11.23225858,23.35,2.36,4.8
-12.95880062,-12.95880062,3695.0,13.6,1.64,262.5,-12.95880062,422.58,262.5,1.81,1.64,-12.95880062,2526.385,1500.0,401.0,2526.385,161.0,310.0,5828.0,52.31,2337.23,-8.31972772,24.27,2.36,4.8
-12.95880062,-12.95880062,3695.0,13.81,1.79,306.0,-12.95880062,422.58,306.0,1.81,1.79,-12.95880062,2753.0,1400.0,401.0,2753.0,161.0,310.0,5828.0,52.31,1884.0,-10.62214249,24.27,2.36,4.93
-12.95880062,-12.95880062,3695.0,5.585,1.56,206.0,-12.95880062,422.58,206.0,1.81,1.56,-12.95880062,1998.955,1900.0,401.0,1998.955,161.0,310.0,5828.0,52.31,3392.09,-7.98552796125,24.27,2.36,4.8
-12.95880062,-12.95880062,3695.0,36.94,1.59,258.0,-12.95880062,422.58,258.0,1.81,1.59,-12.95880062,2453.2,1900.0,401.0,2453.2,161.0,310.0,5828.0,52.31,2483.6,-8.787420082499999,23.221999999999998,2.36,4.8
-12.95880062,-12.95880062,3695.0,27.2,1.63,270.0,-12.95880062,661.07,270.0,1.81,1.63,-12.95880062,3100.5,2600.0,401.0,3100.5,161.0,310.0,5828.0,52.31,1189.0,-11.4565499775,24.27,2.36,4.8
-12.95880062,-12.95880062,3695.0,2.295,1.525,211.5,-12.95880062,422.58,211.5,1.81,1.525,-12.95880062,1964.66,3100.0,401.0,1964.66,161.0,310.0,5828.0,52.31,3460.68,-6.604453091207,24.27,2.36,4.8
-12.95880062,-12.95880062,3695.0,3.2910000000000004,1.49,207.5,-12.95880062,422.58,207.5,1.81,1.49,-12.95880062,2062.375,2000.0,401.0,2062.375,161.0,310.0,5828.0,52.31,3265.25,-7.812801289999999,24.27,2.36,4.8
-12.95880062,-12.95880062,3695.0,8.48,1.49,222.7,-12.95880062,422.58,222.7,1.81,1.49,-12.95880062,2309.0,500.0,401.0,2309.0,161.0,310.0,5828.0,52.31,2772.0,-7.250536465,24.27,2.36,4.8
-12.95880062,-12.95880062,3695.0,12.91,1.71,299.5,-12.95880062,422.58,299.5,1.81,1.71,-12.95880062,2607.0,1800.0,401.0,2607.0,161.0,310.0,5828.0,52.31,2176.0,-10.98968293517,24.27,2.36,4.8
-12.95880062,-12.95880062,3695.0,37.48,1.79,361.5,-12.95880062,590.4,361.5,1.81,1.79,-12.95880062,3295.5,4300.0,401.0,3295.5,161.0,310.0,5828.0,52.31,799.0,-11.902454195,24.06,2.36,4.8
-12.95880062,-12.95880062,3695.0,17.48,1.78,304.5,-12.95880062,422.58,304.5,1.81,1.78,-12.95880062,2711.5,1500.0,401.0,2711.5,161.0,310.0,5828.0,52.31,1967.0,-9.252562595,24.27,2.36,5.2
-12.95880062,-12.95880062,3695.0,18.54,1.73,203.0,-12.95880062,422.58,203.0,1.81,1.73,-12.95880062,2006.15,4300.0,401.0,2006.15,161.0,310.0,5828.0,52.31,3377.7,-9.17965483125,23.824,2.36,5.55
-12.95880062,-12.95880062,3695.0,16.74,1.74,264.0,-12.95880062,422.58,264.0,1.81,1.74,-12.95880062,2761.525,4300.0,401.0,2761.525,161.0,310.0,5828.0,52.31,1866.95,-9.048287595,24.27,2.36,5.45
-12.95880062,-12.95880062,3695.0,22.175,1.795,288.0,-12.95880062,510.45,288.0,1.81,1.795,-12.95880062,2868.2,4300.0,401.0,2868.2,161.0,310.0,5828.0,52.31,1653.6,-9.49365515,24.27,2.36,5.65
-12.95880062,-12.95880062,3695.0,26.59,1.785,365.5,-12.95880062,495.39,365.5,1.81,1.785,-12.95880062,2966.0,4300.0,401.0,2966.0,161.0,380.0,5828.0,52.31,1458.0,-10.10622307,24.27,2.36,5.4
-12.95880062,-12.95880062,3695.0,38.59,1.82,415.5,-12.95880062,567.77,415.5,1.83,1.82,-12.95880062,3151.0,4300.0,430.0,3151.0,173.0,310.0,5828.0,52.31,1088.0,-11.076717095,24.06,2.36,5.4
-12.95880062,-12.95880062,3695.0,14.1,1.54,240.5,-12.95880062,422.58,240.5,1.81,1.54,-12.95880062,2754.5,4300.0,401.0,2754.5,161.0,310.0,5828.0,52.31,1881.0,-9.622156855,24.27,2.36,4.8
-12.95880062,-12.95880062,3695.0,50.21,1.655,281.5,-12.95880062,422.58,281.5,1.81,1.655,-12.95880062,2691.0,1000.0,401.0,2691.0,161.0,310.0,5828.0,52.31,2008.0,-9.1918593125,19.99,2.36,4.8
-12.95880062,-12.95880062,3695.0,7.43,1.325,208.0,-12.95880062,422.58,208.0,1.81,1.325,-12.95880062,2372.5,3000.0,401.0,2372.5,161.0,310.0,5828.0,52.31,2645.0,-7.32080711,24.27,2.36,4.8
-12.95880062,-12.95880062,3695.0,4.1419999999999995,1.465,206.5,-12.95880062,422.58,206.5,1.81,1.465,-12.95880062,2136.0,4300.0,401.0,2136.0,161.0,310.0,5828.0,52.31,3118.0,-7.615739075,24.27,2.36,4.8
-12.95880062,-12.95880062,3695.0,21.5,1.725,265.0,-12.95880062,446.7,265.0,1.81,1.725,-12.95880062,2939.0,3400.0,401.0,2939.0,161.0,310.0,5828.0,52.31,1512.0,-10.949030655,24.27,2.36,4.8
-12.95880062,-12.95880062,3695.0,11.39,1.51,232.7,-12.95880062,422.58,232.7,1.81,1.51,-12.95880062,2747.0,2600.0,401.0,2747.0,161.0,310.0,5828.0,52.31,1896.0,-9.7117001975,24.27,2.36,4.8
-12.95880062,-12.95880062,3695.0,7.068,1.565,248.0,-12.95880062,422.58,248.0,1.81,1.565,-12.95880062,2193.84,1900.0,401.0,2193.84,161.0,310.0,5828.0,52.31,3002.32,-7.0994002675,24.27,2.36,4.8
-12.95880062,-12.95880062,3695.0,21.0,1.61,247.5,-12.95880062,590.5,247.5,1.81,1.61,-12.95880062,2911.5,2600.0,401.0,2911.5,161.0,310.0,5828.0,52.31,1567.0,-10.7523795875,24.27,2.36,4.8
-8.545958555,-8.545958555,2128.0,21.0,1.41,94.0,-8.46727487,590.5,94.0,1.41,1.41,-8.46727487,2128.0,2600.0,94.0,2128.0,33.0,0.0,4682.0,21.0,0.0,-8.545958555,25.36,1.33,3.45
-8.545958555,-8.545958555,2180.0,21.0,1.5699999999999998,176.5,-8.46727487,590.5,176.5,1.73,1.5699999999999998,-8.46727487,2154.0,2600.0,259.0,2154.0,115.0,160.0,4682.0,21.0,52.0,-9.0258375475,23.35,1.66,4.65
-8.545958555,-8.545958555,2128.0,13.6,1.44,109.0,-8.46727487,590.5,109.0,1.47,1.44,-8.46727487,1742.885,1500.0,124.0,1742.885,48.0,140.0,4682.0,21.0,770.23,-6.1133066875,24.44,1.9,4.45
-8.545958555,-8.545958555,2183.0,21.0,1.525,111.5,-8.46727487,590.5,111.5,1.64,1.525,-8.46727487,2155.5,2600.0,129.0,2155.5,47.0,160.0,4682.0,21.5,55.0,-8.7426096225,24.89,1.63,4.25
-8.545958555,-8.545958555,2128.0,7.068,1.365,94.5,-8.46727487,590.5,94.5,1.41,1.365,-8.46727487,1410.34,1900.0,95.0,1410.34,43.0,70.0,4682.0,21.0,1435.3200000000004,-4.892979235,25.36,1.65,4.1
-8.545958555,-8.545958555,2896.0,21.0,1.59,208.0,-8.46727487,590.5,208.0,1.77,1.59,-8.46727487,2512.0,2600.0,322.0,2512.0,33.0,230.0,4912.0,37.48,768.0,-9.6960331625,24.06,2.16,4.65
-8.545958555,-8.545958555,3695.0,21.0,1.61,247.5,-8.46727487,590.5,247.5,1.81,1.61,-8.46727487,2911.5,2600.0,401.0,2911.5,161.0,310.0,5828.0,52.31,1567.0,-10.7523795875,24.27,2.36,4.8
-8.545958555,-8.545958555,2128.0,10.71,1.4,82.25,-8.46727487,590.5,82.25,1.41,1.4,-8.46727487,1530.735,1000.0,94.0,1530.735,33.0,76.0,4682.0,21.0,1194.53,-6.1456908375,24.2,1.61,4.2
-8.545958555,-8.545958555,2128.0,12.55,1.49,86.15,-8.46727487,590.5,86.15,1.57,1.49,-8.46727487,1732.665,1000.0,94.0,1732.665,33.0,220.0,4682.0,21.0,790.6700000000002,-5.8778255825,25.36,2.54,5.15
-8.545958555,-8.545958555,2128.0,11.3,1.385,87.0,-8.46727487,590.5,87.0,1.41,1.385,-8.46727487,1681.465,1400.0,94.0,1681.465,33.0,100.0,4682.0,21.0,893.0699999999998,-5.6556760575,25.35,1.93,4.35
-8.545958555,-8.545958555,2750.0,21.0,1.525,99.0,-8.46727487,690.1,99.0,1.64,1.525,-8.46727487,2439.0,2600.0,104.0,2439.0,38.0,170.0,5017.0,30.0,622.0,-9.3196400425,24.6,1.6,4.05
-8.545958555,-8.545958555,3290.0,21.0,1.52,138.5,-8.46727487,737.0,138.5,1.63,1.52,-8.46727487,2709.0,2600.0,183.0,2709.0,69.0,200.0,5731.0,36.57,1162.0,-10.1986790475,25.36,1.5,4.05
-8.545958555,-8.545958555,2128.0,14.15,1.465,102.0,-8.46727487,590.5,102.0,1.52,1.465,-8.46727487,2034.5,1600.0,110.0,2034.5,44.0,110.0,4682.0,21.0,187.0,-8.160592837500001,25.06,1.54,3.8
-8.545958555,-8.545958555,2506.0,21.0,1.43,116.5,-8.46727487,661.07,116.5,1.45,1.43,-8.46727487,2317.0,2600.0,139.0,2317.0,33.0,110.0,4876.0,27.2,378.0,-9.250128945,25.36,1.33,3.6
-8.545958555,-8.545958555,2128.0,7.15,1.325,72.0,-8.46727487,590.5,72.0,1.41,1.325,-8.46727487,1316.54,1600.0,94.0,1316.54,33.0,58.0,4682.0,21.0,1622.92,-6.2535028225,25.36,1.96,4.15
